date,pm2_5_max,pm10_max,o3_max,temp_max,temp_min,precipitation,wind_speed,temp_range,day_of_year,month
2023-08-12,35.21357076505617,63.620332948049374,61.65723849314741,37.6,24.1,0.0,20.9,13.5,224,8
2023-08-13,34.148678494144065,55.47301923586299,48.22730398162876,37.8,25.1,0.0,19.6,12.699999999999996,225,8
2023-08-14,39.58844269050347,74.0081798670137,54.55882467044158,38.0,23.7,0.0,18.7,14.3,226,8
2023-08-15,43.21514928204014,78.82673413536624,51.15207128881356,38.0,24.9,0.0,19.2,13.100000000000001,227,8
2023-08-16,35.78923312638332,67.41464995706893,55.32354882477215,37.7,25.0,0.1,18.0,12.700000000000003,228,8
2023-08-17,35.899315215254106,55.93000125287633,53.51659110966301,37.4,23.3,0.0,17.9,14.099999999999998,229,8
2023-08-18,44.21606407753696,85.85403945390873,50.87405236382276,37.4,23.2,0.0,18.4,14.2,230,8
2023-08-19,38.29717364576454,68.51614367791065,55.5714891394843,37.7,22.6,0.0,19.8,15.100000000000001,231,8
2023-08-20,31.54262807032524,60.10127897679798,60.29739243914697,36.8,22.9,0.0,19.7,13.899999999999999,232,8
2023-08-21,39.31280021792983,67.6433226108971,52.436384833090806,37.0,23.6,0.0,18.0,13.399999999999999,233,8
2023-08-22,33.85291153593769,62.77356247987556,56.31903176859272,37.4,22.6,0.0,18.5,14.799999999999997,234,8
2023-08-23,35.68135123214872,61.06618552834673,48.74690816851535,38.2,22.5,0.0,17.7,15.700000000000003,235,8
2023-08-24,37.99981135783016,66.52835356200688,50.754254492727966,39.3,22.2,0.0,19.1,17.099999999999998,236,8
2023-08-25,23.953598776711004,48.85857185968017,56.82962511152151,39.9,21.8,0.0,21.6,18.099999999999998,237,8
2023-08-26,26.22541083743483,46.63369230509266,61.53646411414386,41.0,23.3,0.0,21.3,17.7,238,8
2023-08-27,40.45856235379514,73.47771085637042,56.36245339514264,39.9,23.6,0.0,15.1,16.299999999999997,239,8
2023-08-28,28.87584439832788,54.58672310905645,52.427767877907385,37.8,24.8,0.0,20.2,12.999999999999996,240,8
2023-08-29,39.47123666297637,72.53527165727529,53.49716562169342,37.5,24.5,0.0,17.4,13.0,241,8
2023-08-30,28.489879622393943,51.73304003573983,50.35836906412113,40.6,23.6,0.0,22.3,17.0,242,8
2023-08-31,23.11848149332355,42.70814969538107,57.77806130542147,40.6,24.6,0.0,24.2,16.0,243,8
2023-09-01,39.08824384460776,77.5690856760088,57.14933224929364,37.7,25.1,0.0,21.6,12.600000000000001,244,9
2023-09-02,33.27111849756733,59.715156904520434,51.99163866866768,38.0,22.7,0.0,20.0,15.3,245,9
2023-09-03,35.307641023439615,64.1570509823362,50.65983140896199,35.9,23.3,0.0,18.5,12.599999999999998,246,9
2023-09-04,34.40625906893272,65.08322951210174,53.1235129186082,35.1,22.0,0.0,13.7,13.100000000000001,247,9
2023-09-05,44.73808637737409,83.84513327814732,52.17312105583762,38.2,23.7,0.0,11.4,14.500000000000004,248,9
2023-09-06,40.77461294854933,76.95539422406993,54.97546954149671,40.4,23.0,0.0,17.4,17.4,249,9
2023-09-07,31.9050321128885,59.34524846928685,66.21888715666606,44.7,24.5,0.0,21.4,20.200000000000003,250,9
2023-09-08,42.43849009172836,72.9602674269196,54.73189719701601,41.2,26.5,0.0,17.6,14.700000000000003,251,9
2023-09-09,39.47680655040598,75.95854638763406,53.02663939191511,39.1,23.6,0.0,15.2,15.5,252,9
2023-09-10,34.15153125103362,58.03372007280444,52.22983277745936,39.7,24.2,0.0,20.1,15.500000000000004,253,9
2023-09-11,23.85146693885303,43.84054688565255,57.19676788599975,38.7,25.5,0.0,25.4,13.200000000000003,254,9
2023-09-12,32.2713909225447,55.82567611052238,49.59510330712759,32.2,25.2,0.0,24.5,7.0000000000000036,255,9
2023-09-13,33.30251387631033,59.75210993757961,50.24250784671429,36.4,23.1,0.1,19.7,13.299999999999997,256,9
2023-09-14,28.171445355220506,51.69488887030735,57.70521612909205,35.7,20.4,0.0,19.4,15.300000000000004,257,9
2023-09-15,37.66272456051594,68.7569758552795,58.27841201805455,36.0,22.0,0.0,19.5,14.0,258,9
2023-09-16,28.24578175014489,52.10816941296666,49.89830573704518,35.5,22.9,0.0,18.7,12.600000000000001,259,9
2023-09-17,34.27431797502378,66.53490616221875,45.79384019455753,37.1,20.0,0.0,20.3,17.1,260,9
2023-09-18,30.161649380601123,55.651571789623965,57.05005475934769,36.7,24.2,0.0,15.6,12.500000000000004,261,9
2023-09-19,28.45906975550785,50.49385565404219,48.661480696959984,34.0,22.0,0.0,17.4,12.0,262,9
2023-09-20,35.36430617934562,66.54801262768719,54.92250239665107,34.6,23.3,0.0,18.2,11.3,263,9
2023-09-21,34.06233289997705,64.88061068673261,44.35958472915265,35.4,21.9,0.0,21.3,13.5,264,9
2023-09-22,35.586841405949855,60.37349108529877,55.93038935319724,35.6,21.5,0.0,18.5,14.100000000000001,265,9
2023-09-23,33.33175858805881,61.78936566805544,48.47531228287688,37.2,20.7,0.0,19.9,16.500000000000004,266,9
2023-09-24,36.21448152205355,67.28958496662909,56.0630564762661,36.9,19.2,0.0,17.2,17.7,267,9
2023-09-25,26.54739004816286,46.89261157661318,53.73709227134574,37.8,20.0,0.0,20.2,17.799999999999997,268,9
2023-09-26,34.63077895802646,66.4625225643825,50.04424232241342,38.1,20.6,0.0,17.5,17.5,269,9
2023-09-27,40.536806145201055,72.51608430026432,52.65185474829288,38.8,20.7,0.0,14.8,18.099999999999998,270,9
2023-09-28,37.44561113109459,67.7788293963849,57.5652738278268,39.7,22.4,0.0,22.4,17.300000000000004,271,9
2023-09-29,34.12809144784232,60.911349133264565,54.64357781246093,38.7,22.8,0.0,21.7,15.900000000000002,272,9
2023-09-30,31.06479922318633,55.963375744479805,55.29765192188994,36.6,22.1,0.0,15.6,14.5,273,9
2023-10-01,38.330419846973975,65.70593046386756,58.82576233806194,33.2,23.9,0.0,15.9,9.300000000000004,274,10
2023-10-02,34.58458859791841,57.93210682847026,41.9630335531558,28.7,21.8,0.1,13.5,6.899999999999999,275,10
2023-10-03,36.24538999847021,70.0252171869213,56.4288502998745,31.6,19.5,0.0,13.1,12.100000000000001,276,10
2023-10-04,37.87838144420434,65.64020255461283,51.157423750092846,32.9,22.5,0.0,17.0,10.399999999999999,277,10
2023-10-05,34.23499761247976,58.64881865409465,47.564863806707486,33.6,23.1,0.0,21.2,10.5,278,10
2023-10-06,35.24640059558099,56.98335073123463,45.95874549704404,33.8,21.0,0.0,20.3,12.799999999999997,279,10
2023-10-07,20.68391238388681,35.31415704792775,49.503518436891866,32.1,20.8,0.0,23.2,11.3,280,10
2023-10-08,34.23393812074392,57.65181923711657,54.24660044769784,32.6,20.5,0.3,15.8,12.100000000000001,281,10
2023-10-09,33.04631715701782,64.40941636304117,50.46980351848986,33.3,22.0,0.0,19.5,11.299999999999997,282,10
2023-10-10,36.92772563561179,69.49935741212913,55.94461972098939,31.5,19.6,0.0,18.1,11.899999999999999,283,10
2023-10-11,36.37412881077355,63.40898082385922,43.735297239793766,30.9,20.5,0.0,13.3,10.399999999999999,284,10
2023-10-12,35.75170511668092,71.11037662605858,49.61164420861578,31.1,19.0,0.0,14.8,12.100000000000001,285,10
2023-10-13,27.678325129969867,52.76628169492054,45.31042622234752,32.2,18.5,0.0,17.7,13.700000000000003,286,10
2023-10-14,29.568966879596644,52.24964623274809,51.05452753049988,31.0,17.8,0.0,15.5,13.2,287,10
2023-10-15,35.052629111970994,55.59651525692707,52.4275495603892,29.8,19.0,0.0,17.9,10.8,288,10
2023-10-16,41.92120014285412,82.33098797490965,47.49695282527578,30.3,16.9,0.0,15.4,13.400000000000002,289,10
2023-10-17,33.88994939209833,56.833191505486205,38.88314457349146,30.5,19.3,0.0,16.1,11.2,290,10
2023-10-18,39.96766448946012,67.00559984015754,50.39579258718598,31.0,18.9,0.0,15.9,12.100000000000001,291,10
2023-10-19,38.00818012523818,71.48243552145763,51.94695420693404,32.0,18.9,0.0,15.6,13.100000000000001,292,10
2023-10-20,25.864401226974376,53.8751794275717,51.99717901984678,32.3,19.4,0.0,20.5,12.899999999999999,293,10
2023-10-21,32.54697802754207,62.73737890510728,54.42312876728862,30.8,18.6,0.0,18.6,12.2,294,10
2023-10-22,39.52018283232984,72.8280564583508,45.675785281403805,31.6,17.4,0.0,18.3,14.200000000000003,295,10
2023-10-23,34.02086980445024,63.0218286730063,53.2208644218018,32.5,17.9,0.0,17.2,14.600000000000001,296,10
2023-10-24,39.90321827907004,74.386039578667,55.9300300499119,33.6,20.3,0.0,19.2,13.3,297,10
2023-10-25,19.73127447955128,37.7930798325526,44.04564966397393,33.6,20.4,0.0,18.7,13.200000000000003,298,10
2023-10-26,46.19951252187612,84.00269681128515,53.75860730367591,35.8,20.9,0.0,13.7,14.899999999999999,299,10
2023-10-27,38.60523534119085,69.80202692599916,49.32328067596931,33.9,20.7,0.0,15.3,13.2,300,10
2023-10-28,34.42496324767066,61.77715446210862,51.013909307593416,33.9,20.4,0.0,16.8,13.5,301,10
2023-10-29,34.68880388267751,60.17795322221949,53.15070593415334,34.6,20.8,0.0,18.3,13.8,302,10
2023-10-30,26.20215542699554,46.32185453799165,49.33108574354579,33.8,22.1,0.0,16.6,11.699999999999996,303,10
2023-10-31,28.00164056081244,45.32408256687624,48.09716768335355,33.0,20.3,0.5,20.2,12.7,304,10
2023-11-01,51.00556285755873,91.51499426322148,50.876609669952096,32.9,20.5,0.0,17.4,12.399999999999999,305,11
2023-11-02,59.89947022370759,104.8532730812209,46.2710162445488,32.7,21.0,0.0,15.1,11.700000000000003,306,11
2023-11-03,56.248648908631765,97.93680008388988,46.63669948445926,33.3,19.2,0.0,11.2,14.099999999999998,307,11
2023-11-04,47.86753198553406,86.70124002742173,54.237493131826014,34.2,18.4,0.0,16.3,15.800000000000004,308,11
2023-11-05,53.17121478207732,99.88419346677298,46.26482385936538,33.1,18.9,0.0,13.2,14.200000000000003,309,11
2023-11-06,55.57701058851037,102.7935688773256,54.06525000363685,34.0,18.1,0.0,16.8,15.899999999999999,310,11
2023-11-07,51.073755548298415,87.22125817606761,52.410365171415805,32.6,16.6,0.0,17.1,16.0,311,11
2023-11-08,47.4511989811648,82.44327375638564,42.696773084837616,31.0,19.0,0.0,15.8,12.0,312,11
2023-11-09,48.90633716556678,90.85372046198484,46.76974139065739,30.8,19.2,0.0,18.2,11.600000000000001,313,11
2023-11-10,45.13538774674021,78.29623576351744,53.77643761218949,30.0,18.1,0.0,18.9,11.899999999999999,314,11
2023-11-11,49.84322495266444,89.04390546480494,45.07533787544127,30.0,18.6,0.2,18.4,11.399999999999999,315,11
2023-11-12,49.02973453061323,89.90367845217747,48.22238295076245,31.8,19.7,0.6,13.8,12.100000000000001,316,11
2023-11-13,54.131689267011154,94.53200731602918,51.68824357300758,31.4,18.4,0.1,12.1,13.0,317,11
2023-11-14,31.80945923433921,57.57315314024847,50.57356203713038,27.4,17.6,0.2,24.5,9.799999999999997,318,11
2023-11-15,42.07242525933941,71.72828898205633,46.37384445582202,27.3,16.9,0.0,14.3,10.400000000000002,319,11
2023-11-16,56.30060138532288,99.53697956172756,45.34995922123343,27.9,17.2,0.0,11.0,10.7,320,11
2023-11-17,51.66527636089945,93.9568432520466,53.90947944679403,28.7,17.7,0.0,14.4,11.0,321,11
2023-11-18,51.845567283212304,88.54303990918714,54.69559865519031,27.9,19.4,0.0,13.0,8.5,322,11
2023-11-19,18.23706433312427,34.14814001350488,49.73543220312718,24.7,16.3,0.0,32.9,8.399999999999999,323,11
2023-11-20,30.833146289747926,55.44074992476622,44.661272570260095,22.2,14.0,0.1,19.1,8.2,324,11
2023-11-21,51.3767733861732,94.13566195836322,42.82693711343629,25.1,12.8,0.0,10.4,12.3,325,11
2023-11-22,50.94642741736615,92.37531175345306,43.69822237377373,26.7,15.2,0.0,11.8,11.5,326,11
2023-11-23,52.2486136538919,98.13992586692696,49.11005642106303,26.7,12.4,0.0,9.4,14.299999999999999,327,11
2023-11-24,54.60357144166996,98.66210210294965,48.39359288355473,26.2,12.0,0.0,9.7,14.2,328,11
2023-11-25,35.880254284072684,63.29624108795507,52.92639437178572,27.2,13.8,0.0,24.6,13.399999999999999,329,11
2023-11-26,39.73092950605265,71.88256561999162,48.60180037014456,25.0,14.7,0.0,25.8,10.3,330,11
2023-11-27,38.4828890641592,70.89909440259572,38.607678792960726,22.7,14.4,0.0,19.7,8.299999999999999,331,11
2023-11-28,45.28775195361382,81.66453372748198,48.10779047089167,21.5,12.7,0.0,14.8,8.8,332,11
2023-11-29,41.597770421169166,74.99776183171615,41.64775749074235,24.4,10.9,0.0,17.7,13.499999999999998,333,11
2023-11-30,32.4461439235048,56.297083998888375,44.9441149121906,25.8,12.0,0.0,18.4,13.8,334,11
2023-12-01,39.65743062275392,69.39467236830421,47.48080082500678,25.8,13.3,0.0,19.9,12.5,335,12
2023-12-02,40.09115104970514,67.95625607407017,54.46266995913586,25.8,13.8,0.0,19.9,12.0,336,12
2023-12-03,53.51621056242644,101.5779092419284,59.63967422402145,27.0,14.6,0.0,19.6,12.4,337,12
2023-12-04,53.75819517609439,93.03316161079606,49.86689223654473,27.4,14.9,0.0,10.8,12.499999999999998,338,12
2023-12-05,57.43773671166806,101.30921048761478,45.02721352511845,24.6,12.5,0.0,8.5,12.100000000000001,339,12
2023-12-06,48.61644115147378,85.35437227594521,47.7180225939222,24.3,12.8,0.0,13.1,11.5,340,12
2023-12-07,44.716609811902345,83.17467079225754,48.770621703495344,23.7,9.8,0.0,11.6,13.899999999999999,341,12
2023-12-08,51.0741140725751,91.0485562957591,43.03732949777123,22.2,12.7,0.2,14.0,9.5,342,12
2023-12-09,56.02966516343387,104.59662351220216,51.32084542364929,21.9,10.5,0.0,9.5,11.399999999999999,343,12
2023-12-10,54.485159735215234,96.05281565065582,46.68028303676561,24.6,9.1,0.0,12.1,15.500000000000002,344,12
2023-12-11,41.72306272602631,75.93849539351875,47.93097235636557,24.9,10.4,0.0,15.1,14.499999999999998,345,12
2023-12-12,48.163971554680494,84.18910763864562,47.163697008217845,22.5,9.9,0.1,17.1,12.6,346,12
2023-12-13,33.3007446860386,66.37678781818964,46.00634644245783,22.2,13.7,0.1,17.5,8.5,347,12
2023-12-14,57.90428546900135,100.6649185871139,49.29576200187845,24.9,12.3,0.0,9.3,12.599999999999998,348,12
2023-12-15,64.2722781290499,116.6195627629709,44.3709872538123,26.4,14.8,0.0,11.2,11.599999999999998,349,12
2023-12-16,51.15731837434656,93.98450371662013,44.78679298421587,26.7,11.5,0.0,9.5,15.2,350,12
2023-12-17,42.78851135198614,78.26071772592954,41.83938306811322,25.4,10.8,0.0,15.8,14.599999999999998,351,12
2023-12-18,39.05825682543821,69.74899930915565,47.57800492248091,24.7,14.1,0.1,20.0,10.6,352,12
2023-12-19,34.552621729419,61.80525701375392,48.45574601404845,23.9,13.3,0.0,20.7,10.599999999999998,353,12
2023-12-20,41.67668284466934,75.14946353634214,46.09109146460754,22.1,10.1,0.0,11.5,12.000000000000002,354,12
2023-12-21,35.382814874030146,63.2480607683688,50.17796973339016,20.8,12.4,0.0,20.4,8.4,355,12
2023-12-22,23.828481431369468,45.78290392684977,43.75761592468381,21.3,10.7,0.0,24.6,10.600000000000001,356,12
2023-12-23,35.447962153175915,70.4379008804907,46.93496662237005,22.1,13.1,0.0,22.4,9.000000000000002,357,12
2023-12-24,38.66287882883098,67.92070653687227,40.25319649544274,22.7,14.7,1.3,14.2,8.0,358,12
2023-12-25,59.3596720250877,102.73800070642062,43.67160119010239,23.7,13.1,0.0,10.9,10.6,359,12
2023-12-26,38.20373353831881,68.50187422392008,48.42215103026311,24.4,11.9,0.0,17.6,12.499999999999998,360,12
2023-12-27,42.13969241897162,83.59057436711187,48.79640844297258,24.0,11.8,0.0,16.3,12.2,361,12
2023-12-28,36.54758608684836,63.37463125241784,43.08413220934327,22.1,14.1,3.3,18.4,8.000000000000002,362,12
2023-12-29,36.555678417830215,70.71757156842659,45.233602992567725,24.2,13.2,0.0,17.1,11.0,363,12
2023-12-30,49.28729967302065,93.7502418536665,39.02850501327677,23.5,11.6,0.0,13.1,11.9,364,12
2023-12-31,52.85571377141214,93.47952006341788,43.01188319677356,22.4,12.2,1.0,12.4,10.2,365,12
2024-01-01,37.34258382719386,68.9236001265048,47.82153265407914,22.1,11.1,0.0,14.2,11.000000000000002,1,1
2024-01-02,46.53316929266152,88.64489459617634,46.920820064426266,22.7,11.5,0.2,14.1,11.2,2,1
2024-01-03,55.19941397124212,98.22156192527336,46.80266288552484,23.0,10.1,0.0,9.0,12.9,3,1
2024-01-04,51.64911435888656,92.35766476568872,44.87909474872384,22.8,10.6,0.0,13.0,12.200000000000001,4,1
2024-01-05,46.35524644560959,81.69440086025132,44.708252634512704,22.8,8.9,0.0,9.8,13.9,5,1
2024-01-06,40.337716934578616,69.56362029016292,42.33871544210621,23.3,11.4,0.0,13.8,11.9,6,1
2024-01-07,50.049707828084486,88.14164145535405,48.37531368081014,24.3,10.3,0.0,14.0,14.0,7,1
2024-01-08,50.70492336616593,87.59704125881191,47.02389177755756,23.9,11.0,0.0,12.6,12.899999999999999,8,1
2024-01-09,45.12246425172938,81.32268605789056,46.1080753919712,21.9,7.6,0.0,15.1,14.299999999999999,9,1
2024-01-10,39.67224104748488,69.10011419229686,41.07586062932968,20.3,7.2,0.0,18.2,13.100000000000001,10,1
2024-01-11,35.00987639210754,63.71913524116582,33.90662832051502,19.2,10.5,0.0,17.3,8.7,11,1
2024-01-12,46.28126848580502,78.63859633583816,47.32861084701478,19.9,9.6,0.0,13.2,10.299999999999999,12,1
2024-01-13,29.825362366493405,54.6782929563315,41.50465017596638,20.7,9.4,0.0,24.8,11.299999999999999,13,1
2024-01-14,43.06824290986816,80.02342412258946,39.72889694382752,20.3,9.2,0.0,12.4,11.100000000000001,14,1
2024-01-15,59.858872555723785,101.76476367258844,45.83391564765598,20.1,8.4,0.0,9.7,11.700000000000001,15,1
2024-01-16,49.94916460455894,91.0306659977488,41.19194944032348,19.6,7.5,0.0,11.4,12.100000000000001,16,1
2024-01-17,45.82348251398676,86.16527550259605,48.79974553618649,22.6,7.5,0.0,10.2,15.100000000000001,17,1
2024-01-18,54.12276804316915,93.79205942163084,47.44802379830679,23.3,7.9,0.0,11.2,15.4,18,1
2024-01-19,50.2065916488634,95.38958212846724,48.19427729280192,24.1,10.7,0.0,8.8,13.400000000000002,19,1
2024-01-20,58.22542301871226,106.0628184617802,41.31617715519786,26.3,10.2,0.0,10.5,16.1,20,1
2024-01-21,50.13297789503702,88.12432464379141,51.9277759415456,26.8,14.2,0.0,17.4,12.600000000000001,21,1
2024-01-22,36.66658840824145,65.8325519018615,45.785002124935424,22.9,11.3,0.0,17.7,11.599999999999998,22,1
2024-01-23,44.066880646221605,80.99536590076406,42.12289144301519,21.0,11.4,0.0,17.7,9.6,23,1
2024-01-24,41.73390463468249,75.34904451666573,42.91355386936901,18.9,11.7,0.0,16.3,7.199999999999999,24,1
2024-01-25,38.84030079997245,71.52880941728951,35.655059068406715,19.6,8.0,0.5,19.3,11.600000000000001,25,1
2024-01-26,36.69396491326973,63.28711606464742,44.75461124592268,20.2,9.9,0.0,25.3,10.299999999999999,26,1
2024-01-27,32.74305941998565,59.44558942808241,38.52251396727171,19.4,10.2,0.2,20.1,9.2,27,1
2024-01-28,43.44131917821255,73.95323103006766,36.50931885662587,18.2,8.9,0.0,10.9,9.299999999999999,28,1
2024-01-29,24.52242785187239,43.80669194932421,35.95056325512844,18.4,7.1,0.2,22.9,11.299999999999999,29,1
2024-01-30,20.920948575172808,34.94598451091669,45.3507534999597,16.5,8.0,0.0,24.8,8.5,30,1
2024-01-31,21.374491452929476,36.26749478750375,38.50294642522884,16.7,5.5,1.1,25.6,11.2,31,1
2024-02-01,38.49575987408321,73.0006472989811,47.214910839666,16.8,5.6,0.0,17.1,11.200000000000001,32,2
2024-02-02,38.2334539966501,72.09414755575298,39.35679414779081,17.5,7.5,0.4,16.9,10.0,33,2
2024-02-03,47.40591624518012,87.15806360404574,35.51056816962821,18.9,6.7,0.0,13.9,12.2,34,2
2024-02-04,43.87500945938954,75.69807873288343,38.05390224020536,19.2,6.0,0.0,13.7,13.2,35,2
2024-02-05,46.44767038578658,82.65658134533145,47.70324648002775,19.6,6.8,0.0,17.0,12.8,36,2
2024-02-06,42.43671583381022,80.02538160079594,43.99640728825333,22.7,8.4,0.0,15.6,14.299999999999999,37,2
2024-02-07,66.6308458329481,120.36067324022628,42.9668508140376,23.6,11.5,0.0,9.9,12.100000000000001,38,2
2024-02-08,53.15833673882504,102.64299474983017,45.80007290341116,23.6,10.3,0.0,11.9,13.3,39,2
2024-02-09,48.05421221791859,87.67753551043657,46.98713094467018,23.3,10.4,0.0,10.2,12.9,40,2
2024-02-10,40.79553750969444,74.00811486692008,49.86959526360984,24.0,8.5,0.0,14.7,15.5,41,2
2024-02-11,46.51236207621592,82.79490234458115,50.893996919571705,23.5,11.3,0.0,15.8,12.2,42,2
2024-02-12,35.97268607337075,65.15145764641422,44.14092541684366,24.3,9.9,0.0,20.9,14.4,43,2
2024-02-13,42.840002470460455,76.6545949376872,40.33580925567185,24.4,15.6,0.0,19.5,8.799999999999999,44,2
2024-02-14,32.78618812286772,61.13946465122767,41.8861393555069,20.9,11.4,4.3,17.8,9.499999999999998,45,2
2024-02-15,30.17585543671564,57.1866467364719,43.921122026331545,19.8,10.7,0.8,21.8,9.100000000000001,46,2
2024-02-16,26.46603140965798,45.28088815586052,38.84496429515756,19.5,10.0,0.3,22.2,9.5,47,2
2024-02-17,31.19576387657068,52.158676117153895,39.711396340419824,20.9,10.7,0.2,17.7,10.2,48,2
2024-02-18,44.4674252396649,74.53274931208692,45.27515152619954,21.5,9.3,0.0,13.0,12.2,49,2
2024-02-19,46.30199397161736,84.86756312964889,44.24539059371819,22.4,10.4,0.0,16.6,11.999999999999998,50,2
2024-02-20,49.740468720651016,86.2227438786502,44.27118798164635,21.9,10.3,0.0,11.9,11.599999999999998,51,2
2024-02-21,36.17130610644006,58.64967921273467,41.46601866119972,22.5,9.6,0.0,16.4,12.9,52,2
2024-02-22,42.23590462925591,77.19036414625351,43.81839714317693,22.9,8.6,0.0,17.3,14.299999999999999,53,2
2024-02-23,36.296586898644186,72.81285496985791,39.84306742292678,20.9,12.7,0.0,20.9,8.2,54,2
2024-02-24,38.81071281899434,69.84107033957014,49.02079364449915,24.1,12.9,0.0,16.7,11.200000000000001,55,2
2024-02-25,50.208625529727634,92.89099827686466,49.42099733889501,23.8,11.4,0.0,12.4,12.4,56,2
2024-02-26,41.40104359223,74.7673665416567,39.63524855104762,26.7,9.9,0.0,19.5,16.799999999999997,57,2
2024-02-27,35.495148510846875,63.59459835995094,40.90195655923036,22.7,10.0,0.0,17.3,12.7,58,2
2024-02-28,46.02893680174142,85.60931569209787,39.893882979639685,24.8,10.4,0.0,16.4,14.4,59,2
2024-02-29,48.52392263184117,86.47223710474816,45.739904262372406,28.9,12.3,0.0,17.6,16.599999999999998,60,2
2024-03-01,40.57525621587639,73.83763813079321,49.08624812083856,30.7,12.9,0.0,15.6,17.799999999999997,61,3
2024-03-02,31.61901026017452,57.87931188690217,40.50141912120588,25.5,15.1,0.0,18.7,10.4,62,3
2024-03-03,24.151653160214543,41.46870432745703,41.292560747498754,23.3,11.3,0.0,14.4,12.0,63,3
2024-03-04,25.820874800424384,49.45370168937346,41.80417051167401,24.7,11.5,0.0,15.5,13.2,64,3
2024-03-05,40.4951763360433,72.36643813479171,48.26906931759577,27.4,11.3,0.0,12.0,16.099999999999998,65,3
2024-03-06,29.818929754561044,51.406838079731344,45.677377348145,24.0,12.5,0.0,17.3,11.5,66,3
2024-03-07,33.115238431530244,61.21695870746566,41.79304978665099,22.8,11.1,0.2,14.2,11.700000000000001,67,3
2024-03-08,50.40365745327361,88.03117947051939,45.9872834885576,23.8,12.1,0.0,14.6,11.700000000000001,68,3
2024-03-09,28.93445255346584,52.16655806834589,43.573279661650936,24.6,11.0,0.0,18.4,13.600000000000001,69,3
2024-03-10,34.07782820090299,61.31273377169278,44.61337955869579,24.5,11.5,0.0,16.8,13.0,70,3
2024-03-11,29.28000881746601,55.96170256893355,52.51380836119415,24.7,9.8,0.0,19.5,14.899999999999999,71,3
2024-03-12,36.00695625652899,66.23661596039204,53.76184420716139,29.0,10.8,0.0,16.3,18.2,72,3
2024-03-13,32.18365377679828,57.855495922001474,42.72167505228961,28.2,11.3,0.0,15.2,16.9,73,3
2024-03-14,34.384846102466334,64.34602188204026,50.0989296715167,26.3,11.7,0.0,16.3,14.600000000000001,74,3
2024-03-15,21.71587392731214,43.2591957162138,49.30558621796637,25.1,12.3,0.0,19.0,12.8,75,3
2024-03-16,30.56590696629996,56.6920634583955,41.10694684498953,24.5,12.8,0.2,14.3,11.7,76,3
2024-03-17,12.093182260854478,21.7987859290682,49.81511057501944,25.9,14.7,0.0,26.8,11.2,77,3
2024-03-18,12.75937069693161,19.03135855742642,50.35172767365022,22.0,14.0,1.4,24.3,8.0,78,3
2024-03-19,27.823292833367532,46.886586110835445,40.309820775022345,23.0,10.7,0.0,24.1,12.3,79,3
2024-03-20,17.373674037041255,30.356939153610256,43.34998871594294,26.7,11.9,0.0,19.1,14.799999999999999,80,3
2024-03-21,25.38130095187257,43.85780510689278,52.47064586737401,29.0,13.9,0.0,23.5,15.1,81,3
2024-03-22,23.976420644051743,42.5966432503368,46.36598124330259,23.8,10.4,0.0,14.0,13.4,82,3
2024-03-23,21.960340671052837,39.69856298258642,47.54590510095809,23.9,10.2,0.0,19.2,13.7,83,3
2024-03-24,29.84475298483683,55.309633635776486,44.96235686560199,21.0,11.7,0.3,17.2,9.3,84,3
2024-03-25,32.33140009547732,57.9850238376819,46.482783683712576,23.2,8.4,0.0,13.7,14.799999999999999,85,3
2024-03-26,29.49127611035347,54.54380193011485,42.55411148675567,28.1,12.0,0.0,14.4,16.1,86,3
2024-03-27,42.32348145370016,76.37568986109065,54.6892708264858,32.5,13.4,0.0,9.4,19.1,87,3
2024-03-28,28.42798874467339,45.24398004135049,55.83835996971109,33.6,14.7,0.0,23.9,18.900000000000002,88,3
2024-03-29,25.19816684141432,42.53869413308952,47.48243702372789,29.0,16.0,1.2,17.3,13.0,89,3
2024-03-30,34.54229294790988,61.74386463907293,49.54609220074455,31.2,15.8,0.0,17.0,15.399999999999999,90,3
2024-03-31,26.68785919951907,44.409062330611,45.09556998977711,33.7,16.5,0.0,23.0,17.200000000000003,91,3
2024-04-01,23.911998261970915,44.84138306153626,53.69701902407134,34.4,18.0,0.0,22.9,16.4,92,4
2024-04-02,41.40972044662662,79.12974930095902,53.86822976685657,34.3,17.0,0.0,20.5,17.299999999999997,93,4
2024-04-03,36.21959511159005,68.85155675595405,50.85123593200276,33.5,15.4,0.0,18.5,18.1,94,4
2024-04-04,23.53428706671197,41.72138810729092,55.71741343948201,33.7,15.1,0.0,18.2,18.6,95,4
2024-04-05,33.28227157384715,64.38026724347472,48.56369107608024,31.5,14.4,0.0,17.9,17.1,96,4
2024-04-06,24.561067676158057,44.65592418869084,50.5984237035744,28.9,14.2,0.0,19.5,14.7,97,4
2024-04-07,29.38216667398112,51.876642099811896,43.96134264523154,28.4,15.8,0.2,20.8,12.599999999999998,98,4
2024-04-08,14.837396307836494,24.86710536348287,47.40579139650305,27.5,14.1,0.0,24.8,13.4,99,4
2024-04-09,20.626317792665496,36.21996296733351,45.60258296838865,25.5,13.3,0.4,21.6,12.2,100,4
2024-04-10,34.10493639490228,60.22435505520043,47.86123168816377,26.6,13.7,0.0,15.8,12.900000000000002,101,4
2024-04-11,32.20877597085061,58.487045414657565,46.98189228466656,29.1,13.5,0.0,19.6,15.600000000000001,102,4
2024-04-12,20.43851796472112,37.271054279647615,48.65410961731333,30.3,15.4,0.0,21.2,14.9,103,4
2024-04-13,25.69749382079526,46.26462693789171,52.84418868576603,30.9,16.1,0.0,20.9,14.799999999999997,104,4
2024-04-14,27.275273444195225,50.40630670879046,48.15294305104713,31.5,16.4,0.0,19.7,15.100000000000001,105,4
2024-04-15,29.26335383713144,56.245975731195614,43.83369159704528,32.1,17.0,0.0,18.1,15.100000000000001,106,4
2024-04-16,44.66727120140549,83.24975056885384,57.37833561682168,32.3,16.2,0.0,16.0,16.099999999999998,107,4
2024-04-17,33.92490855480478,56.6101414932989,59.02581631476195,37.5,18.1,0.0,21.4,19.4,108,4
2024-04-18,27.24558022832477,41.38028100627872,44.730949219577525,31.5,19.5,0.0,17.1,12.0,109,4
2024-04-19,40.95930973527388,76.5297172572108,52.29883122098077,30.9,17.7,0.0,14.9,13.2,110,4
2024-04-20,41.06078098506317,69.80876967786745,49.388100917794624,34.0,16.5,0.0,20.5,17.5,111,4
2024-04-21,36.51232630275573,65.04789113928227,50.65394886132424,31.0,16.9,0.0,18.3,14.100000000000001,112,4
2024-04-22,24.483150170229933,40.559331228235806,53.23689651605397,35.1,17.1,0.0,20.0,18.0,113,4
2024-04-23,30.62882963566874,49.72595203146367,53.76236879873471,39.5,19.7,0.0,21.7,19.8,114,4
2024-04-24,52.80455574593312,96.67258852729395,53.30493733765441,42.4,20.1,0.0,14.3,22.299999999999997,115,4
2024-04-25,29.751652671906086,55.8304402903389,50.31783579073496,36.8,22.4,0.0,20.1,14.399999999999999,116,4
2024-04-26,28.76909714073114,50.0548436511359,46.83523233807503,32.5,19.1,0.0,22.3,13.399999999999999,117,4
2024-04-27,32.27317026714668,50.318579604429296,46.87271116707822,32.0,16.3,0.0,20.8,15.7,118,4
2024-04-28,24.80534764210958,43.0108924110398,50.711286839802575,33.3,16.3,0.0,20.8,16.999999999999996,119,4
2024-04-29,32.832373219691,60.27368381165144,47.39696004355699,32.1,15.6,0.0,17.7,16.5,120,4
2024-05-01,22.88806179332856,41.74859098732887,56.868984621343714,33.2,17.6,0.0,21.7,15.600000000000001,122,5
2024-05-02,38.8971592430342,69.96895708994259,48.59978703451983,33.2,17.7,0.0,13.6,15.500000000000004,123,5
2024-05-03,25.251084090175755,47.18982586111962,52.23761800214151,33.8,19.3,0.0,19.7,14.499999999999996,124,5
2024-05-04,40.78205651965818,73.76644284062719,52.438740441211735,32.4,16.3,0.0,18.2,16.099999999999998,125,5
2024-05-05,16.629293110196837,27.01352077570964,49.7480090836771,28.1,16.9,0.0,21.8,11.200000000000003,126,5
2024-05-06,28.86977756651508,55.55531412472062,48.34382107166435,28.4,16.8,0.0,17.1,11.599999999999998,127,5
2024-05-07,31.183702886430453,55.6550764764939,51.73072967343889,29.6,15.5,0.0,18.1,14.100000000000001,128,5
2024-05-08,40.23636644533058,72.34354598306525,51.88899581072263,31.6,16.1,0.0,17.5,15.5,129,5
2024-05-09,30.5406892441028,52.17343676216545,48.18935031069081,36.9,16.6,0.0,17.2,20.299999999999997,130,5
2024-05-10,38.22581876077479,67.4766270158201,55.89662425755709,35.7,22.4,0.0,20.1,13.300000000000004,131,5
2024-05-11,33.101165305097936,56.92768940709559,53.74916334906697,32.0,19.3,0.0,17.7,12.7,132,5
2024-05-12,22.662456744760245,40.27358396079817,46.18685558328567,30.4,18.9,0.0,20.5,11.5,133,5
2024-05-13,32.86051737131635,64.28405670879646,49.15175134179041,30.0,15.9,0.0,18.3,14.1,134,5
2024-05-14,29.965298477867343,49.82183383136715,52.57331597124428,31.4,16.1,0.0,20.1,15.299999999999997,135,5
2024-05-15,25.578915614206025,41.20136391194063,49.72274472168256,32.6,16.0,0.0,21.0,16.6,136,5
2024-05-16,32.599010424950094,63.091729747391,56.59191219106405,35.5,17.1,0.0,20.1,18.4,137,5
2024-05-17,34.493432015691184,61.46020659678853,63.19548997847744,37.9,19.3,0.0,18.6,18.599999999999998,138,5
2024-05-18,37.73758672625624,65.92043789128148,53.29605586946007,42.4,21.3,0.0,20.5,21.099999999999998,139,5
2024-05-19,40.02065337260524,75.15689013287765,50.7958215873849,42.2,22.6,0.0,20.7,19.6,140,5
2024-05-20,47.71008408072676,84.06130472609757,58.3752743824195,43.6,24.2,0.0,19.4,19.400000000000002,141,5
2024-05-21,35.07092250586576,68.60568965119919,58.90625002050457,41.7,22.8,0.0,17.4,18.900000000000002,142,5
2024-05-22,51.57516687328135,94.86907798592424,55.39653450462093,42.2,23.4,0.0,17.9,18.800000000000004,143,5
2024-05-23,24.5395610023875,42.70747557986039,61.11304265328413,40.5,24.1,0.0,21.4,16.4,144,5
2024-05-24,27.551074524822084,56.06385878447627,46.465576801107005,34.7,20.6,0.0,22.3,14.100000000000001,145,5
2024-05-25,40.44158603242288,70.97771008935118,54.17167449212644,34.0,19.0,0.0,15.8,15.0,146,5
2024-05-26,49.58495933867516,91.4792129256432,51.13655671696443,37.6,19.3,0.0,10.6,18.3,147,5
2024-05-27,29.436502400897027,53.88358206283412,59.17751162482919,35.5,25.0,0.0,19.9,10.5,148,5
2024-05-28,32.97938874821362,63.26812361498092,59.01006141267247,33.4,19.5,0.0,17.8,13.899999999999999,149,5
2024-05-29,31.504995326705835,61.39352517825106,47.37337364886661,32.4,19.7,0.0,17.3,12.7,150,5
2024-05-30,29.343176215278948,52.91372963469941,48.78177145636568,33.3,18.9,0.0,18.9,14.399999999999999,151,5
2024-05-31,39.56801048510512,68.96216526215066,56.57835154791921,36.9,18.8,0.0,18.8,18.099999999999998,152,5
2024-06-01,35.33507742982525,64.98305580250279,53.751477400841935,40.5,21.5,0.0,21.9,19.0,153,6
2024-06-02,28.31545202369673,48.9346675333978,54.57835512827104,39.6,23.6,0.0,22.6,16.0,154,6
2024-06-03,43.50799937716624,84.35456062147911,55.22155368216964,40.2,21.0,0.0,18.1,19.200000000000003,155,6
2024-06-04,38.14649760438304,69.07330168113769,48.34130737520937,41.7,21.0,0.0,20.5,20.700000000000003,156,6
2024-06-05,40.57431059419479,71.9377944156143,56.564649015623054,42.7,21.9,0.0,21.1,20.800000000000004,157,6
2024-06-06,42.90814420961807,77.78870049490723,55.0610889037433,44.7,23.0,0.0,20.0,21.700000000000003,158,6
2024-06-07,32.265024945389634,54.03566603311225,56.14750871040091,45.2,24.1,0.0,22.5,21.1,159,6
2024-06-08,33.76909479901514,57.869528522695305,61.31452801387525,40.9,24.3,0.0,20.1,16.599999999999998,160,6
2024-06-09,34.8264680256163,66.28888416994262,48.65397242288297,37.8,21.5,0.0,22.1,16.299999999999997,161,6
2024-06-10,40.57185132716734,71.05864955198702,57.592820746991904,38.9,22.0,0.0,18.4,16.9,162,6
2024-06-11,34.83549203017926,59.56315270627685,53.76414827867277,39.8,22.5,0.0,20.6,17.299999999999997,163,6
2024-06-12,38.50663691654391,70.9219047073609,54.42095932601666,40.9,22.2,0.0,19.2,18.7,164,6
2024-06-13,39.03832447894212,73.8260965260848,60.26148758420684,43.5,23.8,0.0,24.1,19.7,165,6
2024-06-14,31.412143055820856,58.69871743247274,60.20020517827557,46.4,25.0,0.0,24.5,21.4,166,6
2024-06-15,32.66548690585018,61.78601948794777,60.94245198887812,46.1,26.4,0.0,27.3,19.700000000000003,167,6
2024-06-16,36.809036737830525,63.985880862386566,60.012738642131445,41.9,24.6,0.0,19.8,17.299999999999997,168,6
2024-06-17,33.21159398386389,55.51543717072948,53.07476646726671,39.0,23.1,0.0,20.6,15.899999999999999,169,6
2024-06-18,44.03388425993596,83.76499262375118,52.431053061969,39.8,23.4,0.0,18.2,16.4,170,6
2024-06-19,38.34708174494015,68.05670762436587,50.8993978937688,40.4,23.1,0.0,21.4,17.299999999999997,171,6
2024-06-20,45.39754818000319,80.9630876746406,51.75835788008418,40.1,23.5,0.0,16.5,16.6,172,6
2024-06-21,43.79739403577164,82.81989168993613,66.7363777012349,39.9,25.2,0.0,19.1,14.7,173,6
2024-06-22,33.15501920816379,61.34772460289681,59.67871832294715,39.5,24.6,0.0,21.7,14.899999999999999,174,6
2024-06-23,44.59976485647482,81.64724005789951,50.67570253516792,41.8,24.1,0.0,17.5,17.699999999999996,175,6
2024-06-24,36.25866621703272,71.76060622536214,51.63016817302572,43.2,26.0,0.0,20.5,17.200000000000003,176,6
2024-06-25,34.760831762442194,60.63894248125552,57.70746424687397,41.3,26.2,0.0,22.6,15.099999999999998,177,6
2024-06-26,36.57928472816158,68.62623289493456,57.549059189511865,40.6,23.1,0.0,19.5,17.5,178,6
2024-06-27,36.404979824963576,65.70000305962569,58.93553534126945,42.9,23.3,0.0,21.6,19.599999999999998,179,6
2024-06-28,40.48578512718457,73.680190065522,55.90017682578521,43.2,23.6,0.0,20.7,19.6,180,6
2024-06-29,29.348896583832637,57.41341913013633,53.4781829599884,38.3,24.8,0.0,20.8,13.499999999999996,181,6
2024-06-30,44.2919363784273,81.24899275003801,54.57151809663743,37.1,23.9,0.0,19.9,13.200000000000003,182,6
2024-07-01,30.519913092501486,56.55073180365157,55.34357202517332,40.0,23.8,0.0,20.3,16.2,183,7
2024-07-02,32.25905693606134,61.28382449683982,45.28279850900986,38.6,22.4,0.0,17.7,16.200000000000003,184,7
2024-07-03,53.09055436750034,94.46813967287196,53.78080147769923,39.5,22.4,0.0,12.2,17.1,185,7
2024-07-04,38.67831346981468,67.1033352436494,53.33437426295874,42.9,24.0,0.0,22.4,18.9,186,7
2024-07-05,35.19059908526077,60.20865077140628,56.24084567563405,40.9,25.7,0.0,23.1,15.2,187,7
2024-07-06,38.88172754632139,64.08803981525051,65.62103601041363,37.8,25.3,0.0,19.0,12.499999999999996,188,7
2024-07-07,35.71876613576543,70.46240043419874,56.52992666189722,40.1,23.4,0.0,20.2,16.700000000000003,189,7
2024-07-08,31.803728142570847,53.93708555946248,53.6258812553104,39.8,23.9,0.0,19.7,15.899999999999999,190,7
2024-07-09,38.88902279096864,69.33648015298624,59.10720600790901,40.7,23.9,0.0,18.7,16.800000000000004,191,7
2024-07-10,34.08419144243944,60.52110469672423,57.47075154883685,40.9,25.3,0.0,19.5,15.599999999999998,192,7
2024-07-11,43.16559866708874,78.62029769418704,58.96037796180737,43.8,26.6,0.0,20.5,17.199999999999996,193,7
2024-07-12,41.05471309248932,76.34569520409866,59.40740237286269,43.3,27.3,0.0,17.9,15.999999999999996,194,7
2024-07-13,28.882514016037437,54.569945693946615,63.34617425931817,40.2,25.6,0.0,22.1,14.600000000000001,195,7
2024-07-14,32.15307079173504,56.12629510941626,49.696446258696334,38.7,25.0,0.0,20.8,13.700000000000003,196,7
2024-07-15,41.02465727137812,73.34301794712138,56.414528307245824,39.2,24.4,0.0,17.6,14.800000000000004,197,7
2024-07-16,36.28137723598014,66.15421887622914,50.69447548007385,39.0,23.2,0.0,17.4,15.8,198,7
2024-07-17,27.75889802216785,49.219943061351486,57.16205058536899,39.9,24.5,0.0,22.7,15.399999999999999,199,7
2024-07-18,38.81843605745957,74.69522163148721,51.62525395405562,40.5,24.2,0.0,19.2,16.3,200,7
2024-07-19,35.42483285554361,65.23762399489326,54.23053274557966,41.5,23.4,0.0,22.0,18.1,201,7
2024-07-20,35.49528412314435,66.0961447798093,54.77964034304838,41.6,24.1,0.0,19.5,17.5,202,7
2024-07-21,33.924808471908385,63.05329905543733,60.46326687737884,42.6,25.4,0.0,21.2,17.200000000000003,203,7
2024-07-22,46.31024968678819,86.87887100867472,60.47381777576965,43.0,25.7,0.0,15.5,17.3,204,7
2024-07-23,30.229578292513377,54.9563056026352,50.55713049421446,40.9,25.8,0.0,19.5,15.099999999999998,205,7
2024-07-24,33.81268112811722,56.972330186743456,55.8197364439994,41.0,24.5,0.0,17.3,16.5,206,7
2024-07-25,12.397778893737817,23.515065863985992,54.14168058100331,43.3,25.5,0.0,35.1,17.799999999999997,207,7
2024-07-26,30.58276424144077,53.09490495321791,49.96598035729866,40.0,26.1,0.0,22.9,13.899999999999999,208,7
2024-07-27,39.25453782799001,69.07231804513275,53.83193179830252,39.5,24.9,0.0,18.6,14.600000000000001,209,7
2024-07-28,41.58678108474776,76.61529800881124,53.88606884617673,40.2,24.5,0.0,21.3,15.700000000000003,210,7
2024-07-29,37.02829811601009,70.36578582311908,65.18686594538208,40.8,25.3,0.0,22.6,15.499999999999996,211,7
2024-07-30,34.93030735018287,62.93836796053736,56.19183930144278,39.1,23.6,0.0,19.7,15.5,212,7
2024-07-31,43.18491896048656,78.65935316667269,49.549529996983054,40.1,24.6,0.0,15.2,15.5,213,7
2024-08-01,29.10735317681096,57.49988055216544,52.68090398331623,39.9,25.5,0.0,21.2,14.399999999999999,214,8
2024-08-02,42.57743432003805,77.3616413145342,59.02553318171759,39.9,24.6,0.0,15.5,15.299999999999997,215,8
2024-08-03,33.436706805399304,67.99112159225993,62.5137710914797,38.6,25.7,0.0,20.0,12.900000000000002,216,8
2024-08-04,44.37359280169045,81.56899597993745,47.87606675104816,38.7,23.8,0.0,14.8,14.900000000000002,217,8
2024-08-05,30.543845282238397,49.69663323056166,46.94030245944382,39.1,22.5,0.0,20.4,16.6,218,8
2024-08-06,35.66673257120587,66.46014349148417,62.42386070148713,39.9,24.1,0.0,21.9,15.799999999999997,219,8
2024-08-07,44.24369456501289,80.78212537167153,57.21845670948361,41.1,25.0,0.0,20.2,16.1,220,8
2024-08-08,28.43619925771572,55.05441692613653,51.886829072494535,40.6,24.6,0.0,25.0,16.0,221,8
2024-08-09,43.8285586104947,80.91094955270034,57.67851634448974,40.9,24.6,0.0,16.6,16.299999999999997,222,8
2024-08-10,45.55071995855557,81.5759279734487,44.75700904393248,40.5,25.8,0.0,16.2,14.7,223,8
2024-08-11,33.443897640570825,56.52612104415939,55.613502026388645,41.0,24.8,0.0,20.9,16.2,224,8
2024-08-12,39.740462409052085,70.90576256443568,56.25128469137234,39.9,23.5,0.0,18.2,16.4,225,8
2024-08-13,38.302962003908966,66.39377024440824,57.67708055815132,38.3,25.0,0.0,17.6,13.299999999999997,226,8
2024-08-14,39.48838049274416,69.33751453752532,50.94441619082985,40.0,24.5,0.0,18.0,15.5,227,8
2024-08-15,35.57495108072266,65.80064715856263,56.12274864561344,41.3,23.4,0.0,18.4,17.9,228,8
2024-08-16,32.58255087129472,63.658305081384725,51.11830149576165,39.7,23.8,0.0,22.2,15.900000000000002,229,8
2024-08-17,42.93999145622725,78.475999210678,56.32153502269727,40.5,25.0,0.0,17.3,15.5,230,8
2024-08-18,50.56571803897521,87.43064328404984,50.93861471054791,39.2,24.8,0.0,14.7,14.400000000000002,231,8
2024-08-19,39.106354130426034,71.72524543942728,52.88759664335912,39.2,22.8,0.0,20.7,16.400000000000002,232,8
2024-08-20,47.91591228755779,89.83853657754098,51.31673842083908,40.5,22.9,0.0,19.5,17.6,233,8
2024-08-21,36.52326218555975,63.912523221049405,58.62454496729463,41.7,22.7,0.0,18.0,19.000000000000004,234,8
2024-08-22,42.41160318360341,75.93883423046738,58.73380446662666,40.5,24.9,0.0,18.9,15.600000000000001,235,8
2024-08-23,35.68671002869176,64.28014263583276,53.70151772017034,39.4,25.6,0.0,20.5,13.799999999999997,236,8
2024-08-24,50.94901466608836,89.35353145971234,54.55295197984011,39.0,24.7,0.0,16.8,14.3,237,8
2024-08-25,38.14850857322424,70.61215673333521,48.78563434146582,39.3,25.0,0.0,15.5,14.299999999999997,238,8
2024-08-26,35.49139078909612,63.52165897454967,53.98129340797285,40.3,25.9,0.0,17.7,14.399999999999999,239,8
2024-08-27,37.04303677277989,67.93606352272488,54.67918153183302,39.8,25.7,0.0,17.2,14.099999999999998,240,8
2024-08-28,22.550521378450966,37.928461947805445,63.0231723641199,35.9,25.6,0.0,19.7,10.299999999999997,241,8
2024-08-29,37.5512248915962,66.27982990390294,50.31213189690335,39.6,24.7,0.0,17.0,14.900000000000002,242,8
2024-08-30,32.894336692231505,61.37695011950002,60.13670895500975,38.8,24.5,0.0,18.9,14.299999999999997,243,8
2024-08-31,39.45196893238104,69.89504462201057,58.08743509386324,38.5,23.6,0.0,17.4,14.899999999999999,244,8
2024-09-01,39.1887798788858,75.72069533569467,54.98254561796055,38.1,25.4,0.0,18.0,12.700000000000003,245,9
2024-09-02,34.160854196079434,60.29062899609918,61.49448193678053,39.1,25.4,0.0,27.0,13.700000000000003,246,9
2024-09-03,42.43211919093026,77.05186872093012,55.948421890427454,39.1,25.7,0.0,18.4,13.400000000000002,247,9
2024-09-04,31.065481721687988,58.71563959465765,54.45663678267172,36.5,24.2,0.0,19.5,12.3,248,9
2024-09-05,26.76792664325821,43.92717075906569,52.80751738792982,36.7,24.0,0.0,21.4,12.700000000000003,249,9
2024-09-06,42.91959585753252,71.9728461076162,58.514275529674514,37.7,23.8,0.0,15.8,13.900000000000002,250,9
2024-09-07,31.948833964896792,52.93093219310394,57.58587693524354,37.0,23.4,0.0,16.7,13.600000000000001,251,9
2024-09-08,42.72729382927176,80.69688120297072,51.23729085001514,37.9,24.6,0.0,20.5,13.299999999999997,252,9
2024-09-09,39.40720060360644,69.27738664881426,48.64301122160493,38.2,24.2,0.0,20.7,14.000000000000004,253,9
2024-09-10,34.04412173947646,68.95401698806239,53.468077450417375,38.8,23.9,0.0,19.1,14.899999999999999,254,9
2024-09-11,32.00432735454562,55.91504644220996,52.63984574240941,41.4,25.4,0.0,17.7,16.0,255,9
2024-09-12,32.809361870827054,59.61050527707981,55.82590170153858,41.8,26.2,0.0,27.6,15.599999999999998,256,9
2024-09-13,27.187300773736915,53.56347125043007,59.16975253873655,38.7,25.6,0.0,24.8,13.100000000000001,257,9
2024-09-14,36.259081559867305,71.28462547223852,51.31079337965284,36.9,22.3,0.0,22.3,14.599999999999998,258,9
2024-09-15,22.11786170602816,45.99666180075988,53.5087064747537,37.8,23.2,0.2,22.5,14.599999999999998,259,9
2024-09-16,33.61312488523114,64.12872348519548,52.65209093923358,35.7,23.9,0.0,17.3,11.800000000000004,260,9
2024-09-17,33.066218498590914,62.59138087489803,55.27372352882114,34.8,22.6,0.0,19.2,12.199999999999996,261,9
2024-09-18,32.64490296882371,60.538406191486224,43.43244266406158,35.7,21.2,0.0,20.1,14.500000000000004,262,9
2024-09-19,43.35967264260379,80.38249398518674,51.79319882093881,38.7,22.7,0.0,12.9,16.000000000000004,263,9
2024-09-20,31.404249661737484,54.87409224214188,56.92513476911789,41.8,26.8,0.0,26.1,14.999999999999996,264,9
2024-09-21,23.68189785308703,40.172819485289736,57.04031582570744,35.4,24.1,0.0,22.2,11.299999999999997,265,9
2024-09-22,32.63810257489353,58.7384612625755,49.13239020997518,33.5,22.2,0.0,18.3,11.3,266,9
2024-09-23,31.24147815855949,55.72410681783231,43.4737891758325,33.3,20.9,0.0,20.0,12.399999999999999,267,9
2024-09-24,28.762194170293743,50.41226535854691,54.05884578386454,34.3,19.9,0.0,23.5,14.399999999999999,268,9
2024-09-25,34.058074390444446,63.39369624517015,49.45855044469748,35.0,21.2,0.0,21.0,13.8,269,9
2024-09-26,30.11678954081065,57.07613679917071,47.12133336363855,34.8,20.6,0.0,17.4,14.199999999999996,270,9
2024-09-27,32.319429146321895,58.44019312225495,49.9826184411471,35.8,20.1,0.0,15.1,15.699999999999996,271,9
2024-09-28,38.36838410949255,73.49568164025237,51.9218985693766,36.1,20.5,0.0,20.6,15.600000000000001,272,9
2024-09-29,36.64157005989796,62.52975876541581,49.341021341847146,34.6,20.7,0.0,17.8,13.900000000000002,273,9
2024-09-30,28.807567317217227,51.27264279315186,42.57773577160372,34.0,21.1,0.0,19.1,12.899999999999999,274,9
2024-10-01,40.87575987761261,71.42590081789427,53.72826478754853,31.9,21.3,0.0,17.6,10.599999999999998,275,10
2024-10-02,35.868373171464285,58.96346185741654,55.17950016511489,31.8,19.7,0.0,16.1,12.100000000000001,276,10
2024-10-03,37.39648592031913,67.06563259904634,53.10608796535802,32.5,19.5,0.0,19.0,13.0,277,10
2024-10-04,33.55759240705054,60.03842380754112,45.88925731830073,32.4,18.2,0.0,17.8,14.2,278,10
2024-10-05,42.113739624409945,80.34508055366429,49.81403386420993,32.7,17.7,0.0,18.9,15.000000000000004,279,10
2024-10-06,41.77670421221602,77.09050263565317,50.47391473908217,32.5,17.3,0.0,18.0,15.2,280,10
2024-10-07,35.105179257604625,60.11676219070071,54.39517755824764,35.0,19.0,0.0,17.1,16.0,281,10
2024-10-08,43.50785475477177,83.87641625759176,55.27336195487233,36.0,20.1,0.0,16.1,15.899999999999999,282,10
2024-10-09,40.06687974792574,75.7834846328424,49.54330480488601,35.8,19.7,0.0,17.2,16.099999999999998,283,10
2024-10-10,45.45315778766175,83.56197712819699,51.54798222565424,33.7,21.0,0.0,14.9,12.700000000000003,284,10
2024-10-11,35.62538269709948,63.44623655822957,53.52912161846097,34.5,19.5,0.0,14.1,15.0,285,10
2024-10-12,39.39025729999221,68.02414542981553,57.64328928858707,34.7,21.2,0.0,17.2,13.500000000000004,286,10
2024-10-13,50.53212243424794,89.84120005343313,55.29802615929889,35.8,20.6,0.0,11.6,15.199999999999996,287,10
2024-10-14,30.16630256788444,57.56559048130455,54.97622674950208,34.7,21.5,0.0,15.2,13.200000000000003,288,10
2024-10-15,23.69370743667113,48.302432303811855,50.65530651171744,32.2,20.0,0.0,20.1,12.200000000000003,289,10
2024-10-16,23.2638391111995,46.50464098497567,55.361836580814014,31.2,19.6,0.0,17.0,11.599999999999998,290,10
2024-10-17,32.03296582777721,56.19279022464016,51.29905118383799,31.1,19.5,0.0,17.0,11.600000000000001,291,10
2024-10-18,30.79771127897982,52.07702800229664,46.87564835930572,32.2,18.4,0.0,21.7,13.800000000000004,292,10
2024-10-19,37.40178526048015,67.74587220959788,54.79347988050076,30.3,18.2,0.0,18.9,12.100000000000001,293,10
2024-10-20,24.51047390209888,38.81353492708943,52.27161309015612,30.8,19.2,0.0,23.0,11.600000000000001,294,10
2024-10-21,33.04307772785645,60.44704305269595,47.82782391548607,31.0,19.5,0.0,22.6,11.5,295,10
2024-10-22,14.96949270892554,26.50227911716997,46.42202813040302,28.9,18.3,0.0,23.5,10.599999999999998,296,10
2024-10-24,20.542261505516905,32.19196150813005,50.19273918107034,28.9,17.5,0.0,24.2,11.399999999999999,298,10
2024-10-25,28.61032724469653,53.039389360162914,50.26916906252483,30.8,16.9,0.0,21.3,13.900000000000002,299,10
2024-10-26,31.29652625952953,54.73564474816742,50.365234693771534,30.2,15.4,0.0,17.8,14.799999999999999,300,10
2024-10-27,20.292789499800616,33.01727059251024,56.75982949830552,31.6,15.7,0.0,19.1,15.900000000000002,301,10
2024-10-28,32.724399802436054,50.28713300453995,54.12617260893954,31.4,16.4,0.0,17.3,15.0,302,10
2024-10-29,20.007652497475732,35.93122978030441,49.2225423650601,29.1,16.1,0.0,20.5,13.0,303,10
2024-10-30,33.5483627441502,65.70380772947959,51.265242323069934,27.5,15.6,0.0,17.2,11.9,304,10
2024-10-31,36.84299123048424,71.30116185851523,43.48990438588984,27.7,14.9,0.0,14.1,12.799999999999999,305,10
2024-11-01,48.110601068363216,85.22779315329497,48.91170819978724,27.2,15.3,0.5,11.3,11.899999999999999,306,11
2024-11-02,51.09066541331653,90.15656156288442,54.55722539893244,27.2,16.4,0.0,11.4,10.8,307,11
2024-11-03,43.273932390555245,79.29940107122451,46.5678164184305,27.4,15.4,0.0,14.9,11.999999999999998,308,11
2024-11-04,45.38660451363415,78.70073180697659,43.80946428552366,27.0,15.7,0.3,16.2,11.3,309,11
2024-11-05,52.2257116025062,94.91165658396956,44.89164444562776,27.5,15.7,0.0,15.7,11.8,310,11
2024-11-06,42.601369768322286,78.98070641813419,44.10146785063045,29.1,13.8,0.0,16.5,15.3,311,11
2024-11-07,47.39023257758922,88.98321831131352,45.80095236748918,29.9,17.5,0.0,18.7,12.399999999999999,312,11
2024-11-08,44.45871190813779,79.72521920520818,47.33796760563988,29.7,20.2,0.0,17.1,9.5,313,11
2024-11-09,38.84563583868828,69.31112325910802,41.99773192328543,27.7,15.7,0.0,18.9,12.0,314,11
2024-11-10,42.88484820022721,74.55877900013931,46.30247333579842,25.4,15.4,0.2,17.0,9.999999999999998,315,11
2024-11-11,45.623788387903126,79.64217803610606,49.909108695146585,25.5,13.3,0.0,12.4,12.2,316,11
2024-11-12,44.74175347326409,79.85571957617078,43.68897527941232,27.2,14.0,0.0,15.5,13.2,317,11
2024-11-13,39.89061053705575,72.90519548714889,53.63713569456708,27.6,15.8,0.0,16.8,11.8,318,11
2024-11-14,56.74362566458195,104.87928007494726,49.483168354110376,27.4,15.9,0.0,16.0,11.499999999999998,319,11
2024-11-15,49.19631775985864,86.14383511570453,51.56232234249623,27.4,17.0,0.0,14.6,10.399999999999999,320,11
2024-11-16,53.27137246003708,100.3665361349453,45.10866178459145,27.9,15.1,0.0,9.7,12.799999999999999,321,11
2024-11-17,50.1398995536711,89.43844839348027,50.55810090826646,26.9,15.8,0.0,14.3,11.099999999999998,322,11
2024-11-18,48.218359751545854,86.72894566973723,41.09226439841875,24.1,15.2,0.0,13.0,8.900000000000002,323,11
2024-11-19,49.45515200233388,86.77763856675752,49.68099000334603,25.2,15.0,0.0,12.4,10.2,324,11
2024-11-20,58.48083350021713,97.992779519572,47.40735735917412,26.2,15.3,0.0,9.7,10.899999999999999,325,11
2024-11-21,65.53753855023652,120.61970557950887,49.41300487993914,27.0,15.1,0.0,5.9,11.9,326,11
2024-11-22,56.71749426194736,104.30202136278254,43.63762157750059,28.9,16.9,0.0,8.5,12.0,327,11
2024-11-23,52.0509087967766,92.84765316284324,44.579720630893576,28.6,15.6,0.0,11.3,13.000000000000002,328,11
2024-11-24,35.594741514241775,64.27150687730982,46.52891287301354,21.9,15.7,0.3,19.3,6.199999999999999,329,11
2024-11-25,27.530394176322083,51.102527170492046,39.0866079831032,19.8,14.4,0.0,17.2,5.4,330,11
2024-11-26,36.90404468900724,61.73964286955341,45.21282516839649,20.6,11.8,0.0,14.0,8.8,331,11
2024-11-27,55.91437133722263,99.05871037496183,38.19144877415902,21.1,12.7,0.0,11.2,8.400000000000002,332,11
2024-11-28,57.35483856750642,105.62150346037704,47.65269685066667,22.1,12.0,0.0,11.7,10.100000000000001,333,11
2024-11-29,49.13481980221811,84.67980737448485,39.929906740925965,23.1,11.7,0.0,11.4,11.400000000000002,334,11
2024-11-30,53.192784815278834,96.6276864640018,47.129199750718094,23.2,13.7,0.0,11.5,9.5,335,11
2024-12-01,49.38625077271769,84.82550597702163,47.362523734584,23.1,12.4,0.0,13.1,10.700000000000001,336,12
2024-12-02,67.6544040422762,123.17721722339772,42.1329127262817,23.2,12.7,0.0,10.2,10.5,337,12
2024-12-03,58.51787455717289,105.22524975601875,47.06810626833891,22.9,12.1,0.0,9.6,10.799999999999999,338,12
2024-12-04,50.330412042596166,85.74934622895657,45.78176905333422,22.9,12.6,0.0,10.9,10.299999999999999,339,12
2024-12-05,48.82229779699787,91.3743540979677,42.644632575229046,23.0,12.4,0.0,9.2,10.6,340,12
2024-12-06,48.157768398712136,84.4802083872877,41.24578126369517,23.8,13.8,0.0,7.9,10.0,341,12
2024-12-07,61.53731817933611,108.33641541176186,37.18949723330968,23.4,13.3,0.0,4.8,10.099999999999998,342,12
2024-12-08,51.21824627357849,92.79455088413413,46.79860018919877,24.0,13.2,0.0,8.8,10.8,343,12
2024-12-09,51.498731452011626,96.14362866190709,39.260788914551775,24.2,11.8,0.0,6.5,12.399999999999999,344,12
2024-12-10,48.48713557878737,84.22937858488207,46.02137679776524,24.4,12.9,0.0,11.2,11.499999999999998,345,12
2024-12-11,46.50225998192803,83.88910751701437,44.166207135671,23.7,13.6,0.0,10.7,10.1,346,12
2024-12-12,55.77570817536282,101.6827242166448,47.99657110175279,23.8,14.8,0.0,13.8,9.0,347,12
2024-12-13,46.75819878474725,86.24407463433448,43.59181800204054,23.0,13.6,0.0,16.7,9.4,348,12
2024-12-14,47.60013679341692,86.20957089398213,43.06220885461164,22.3,12.9,0.0,12.8,9.4,349,12
2024-12-15,56.26972069445013,100.18441373276028,46.76748281715318,21.4,11.2,0.0,11.5,10.2,350,12
2024-12-16,48.996841538238094,85.71154410688241,45.66023211633647,22.2,10.1,0.0,12.1,12.1,351,12
2024-12-17,41.03357899335869,74.11887383718476,45.94462382873111,22.8,11.1,0.0,14.6,11.700000000000001,352,12
2024-12-18,57.055620386348295,99.4836996594701,46.257070359234106,22.3,11.8,0.0,11.6,10.5,353,12
2024-12-19,47.4845502184233,76.70813894267812,38.23771150717158,22.3,11.6,0.0,14.7,10.700000000000001,354,12
2024-12-20,36.93376922836772,67.7904640235349,47.16715471994793,21.9,12.5,0.8,15.2,9.399999999999999,355,12
2024-12-21,53.20830660958195,98.48675642050613,46.76987517605441,22.2,11.9,0.0,8.4,10.299999999999999,356,12
2024-12-22,52.18190873307621,86.83863841291168,40.25326748569401,22.2,10.9,0.0,6.8,11.299999999999999,357,12
2024-12-23,33.91600134517832,58.01961030719117,42.6836781053032,21.1,11.4,0.0,16.7,9.700000000000001,358,12
2024-12-24,49.30088773765821,90.59906071080036,42.782770849489474,19.9,9.7,0.0,13.5,10.2,359,12
2024-12-25,45.48708320235065,88.04923617336627,42.94201286239307,20.8,10.7,0.0,19.8,10.100000000000001,360,12
2024-12-26,32.74716213090429,59.00727295865395,42.71543986627414,17.3,8.3,0.0,15.4,9.0,361,12
2024-12-27,35.974846183452854,62.57071430652773,47.34546712732473,17.7,9.6,0.0,20.0,8.1,362,12
2024-12-28,35.076787154390864,62.58952755458904,46.78706691069132,19.1,8.6,0.0,17.3,10.500000000000002,363,12
2024-12-29,35.62437308117652,68.2485008035623,37.27112322627437,19.2,9.4,0.4,17.0,9.799999999999999,364,12
2024-12-30,39.38803037880565,68.96056214447658,44.5882799612242,18.5,9.6,0.0,14.3,8.9,365,12
2024-12-31,36.740046151600914,63.73450705293088,48.13573327814164,19.7,10.3,0.0,15.8,9.399999999999999,366,12
2025-01-01,48.69260813972413,86.19846408495734,44.847234082756806,20.5,9.5,0.0,11.3,11.0,1,1
2025-01-02,41.595249417944814,72.01146312752454,47.66392170074386,20.5,10.4,0.0,13.1,10.1,2,1
2025-01-03,45.46228412889919,82.20012238000294,51.46908178280306,20.7,10.4,0.0,14.3,10.299999999999999,3,1
2025-01-04,51.58880945275432,97.73389239036646,48.47483818442793,22.3,11.9,0.0,10.0,10.4,4,1
2025-01-05,44.09525976566795,80.3407053975504,44.17723438256692,20.3,11.1,0.0,13.3,9.200000000000001,5,1
2025-01-06,37.20218168979201,66.20686653524676,48.86035389633901,22.8,13.3,0.0,17.0,9.5,6,1
2025-01-07,47.326143347158336,84.31162421813838,44.299551332387566,21.2,12.0,0.0,10.5,9.2,7,1
2025-01-08,54.36695612912878,93.17094860634184,44.77561217313982,22.8,10.5,0.0,11.1,12.3,8,1
2025-01-09,55.81458593812191,103.11558402006092,43.51434305714507,23.2,9.5,0.0,9.5,13.7,9,1
2025-01-10,40.85222377600725,73.30049120577465,49.73365343532844,20.8,10.5,0.2,13.0,10.3,10,1
2025-01-11,48.29666152714613,86.39255100809116,40.326285336232,21.0,11.8,0.6,11.2,9.2,11,1
2025-01-12,58.95693561685895,115.7018068138807,50.32947089871247,22.0,11.3,0.0,7.6,10.7,12,1
2025-01-13,52.36297359439314,95.14961119500472,47.51945649496148,24.2,10.9,0.0,5.1,13.299999999999999,13,1
2025-01-14,60.04680096189967,105.82886858113386,39.86277530079224,24.1,9.8,0.0,7.3,14.3,14,1
2025-01-15,52.866881205270765,93.88131338087076,45.73059717196568,22.1,12.5,0.0,7.0,9.600000000000001,15,1
2025-01-16,48.5129933429658,90.76872514492872,36.51989396939351,23.2,13.6,0.0,14.6,9.6,16,1
2025-01-17,41.32370421728741,74.72247882273065,46.58203206732414,21.8,14.2,0.0,14.2,7.600000000000001,17,1
2025-01-18,38.90558949667741,65.71522715906723,47.80092593195596,22.1,12.5,0.0,12.5,9.600000000000001,18,1
2025-01-19,43.34228781058419,80.77380486277714,41.29057617739179,21.1,10.9,0.0,9.6,10.200000000000001,19,1
2025-01-20,54.45042473330691,96.00633226333548,45.41419078382233,23.2,11.0,0.0,8.9,12.2,20,1
2025-01-21,46.358612508607415,89.06539584414598,53.33662973500114,24.2,12.9,1.9,13.0,11.299999999999999,21,1
2025-01-22,43.21841687447796,81.03329457120428,42.35701318295226,22.3,13.2,1.0,11.4,9.100000000000001,22,1
2025-01-23,47.10296229388688,83.44336644202012,39.4843696517736,21.2,11.9,0.0,14.7,9.299999999999999,23,1
2025-01-24,43.2823996886552,81.7513685247847,50.0066536098504,21.8,10.7,0.0,9.9,11.100000000000001,24,1
2025-01-25,55.14960100676342,99.47284834375635,51.81034876212318,21.6,11.4,0.0,7.2,10.200000000000001,25,1
2025-01-26,44.44491900118771,82.55917522750454,44.51478268739139,22.5,10.4,0.0,11.0,12.1,26,1
2025-01-27,46.0208194609892,84.29167348166399,48.30585214163342,22.1,10.4,0.0,11.6,11.700000000000001,27,1
2025-01-28,42.90699335658206,74.6935180768751,49.50590366212352,21.9,12.7,0.0,15.9,9.2,28,1
2025-01-29,43.67793317358024,76.68963021549206,41.89006306984646,23.1,11.8,0.0,13.0,11.3,29,1
2025-01-30,41.31722227885087,77.46088255467505,43.63877665852853,24.3,11.4,0.0,16.8,12.9,30,1
2025-01-31,50.0614640460722,89.10630928661034,49.48349805261894,22.6,10.5,0.0,14.7,12.100000000000001,31,1
2025-02-01,46.33554065238425,82.19302778456567,51.18005711483404,22.4,10.6,0.0,11.8,11.799999999999999,32,2
2025-02-02,51.59846056032571,90.01186127053822,46.691523440697416,22.4,11.6,0.0,13.0,10.799999999999999,33,2
2025-02-03,46.18146572671191,84.39743550486182,41.64074258599179,23.6,12.2,0.0,10.7,11.400000000000002,34,2
2025-02-04,52.61902088957641,100.90181235896698,52.38824444679776,22.4,12.4,0.0,11.3,9.999999999999998,35,2
2025-02-05,42.93784310328951,74.0855188431583,41.53611640875214,21.1,11.7,0.0,20.1,9.400000000000002,36,2
2025-02-06,14.491777499363549,26.15785786887266,39.25944887531419,16.0,13.0,0.0,23.3,3.0,37,2
2025-02-07,37.795523722647616,72.268604367012,42.92935133795849,17.6,11.8,0.0,14.2,5.800000000000001,38,2
2025-02-08,49.2953606359027,88.49272497088772,48.4366416828591,18.7,10.0,0.0,11.7,8.7,39,2
2025-02-09,38.98477306978504,71.52970691436228,44.9159039062089,17.5,9.4,0.4,14.8,8.1,40,2
2025-02-10,45.64572936685654,78.97513227590115,43.939462001447644,18.8,10.1,0.0,13.5,8.700000000000001,41,2
2025-02-11,34.9300740664209,64.15905461118057,44.25315412047242,19.0,8.5,0.0,17.5,10.5,42,2
2025-02-12,41.7729489373645,74.62987529224245,42.75405867457386,19.3,8.7,0.0,15.4,10.600000000000001,43,2
2025-02-13,40.7916138230396,76.38209486851086,44.87255805807403,19.4,9.0,0.0,15.3,10.399999999999999,44,2
2025-02-14,50.73891030829903,94.89219670963251,32.88175968922279,20.0,7.6,0.0,13.4,12.4,45,2
2025-02-15,52.11210421650606,101.57047851576677,42.8935701637208,21.8,8.9,0.0,10.4,12.9,46,2
2025-02-16,54.348013310376,99.56532347831754,45.285287739667126,22.2,10.3,0.0,9.4,11.899999999999999,47,2
2025-02-17,44.56061516938766,81.18649625464428,40.13594366552197,22.9,10.8,0.0,13.8,12.099999999999998,48,2
2025-02-18,49.40196887963753,89.50669688807956,46.82529327124624,23.8,10.8,0.0,10.8,13.0,49,2
2025-02-19,43.0272090609019,76.38947743119137,43.86211511605551,22.8,13.3,0.0,14.7,9.5,50,2
2025-02-20,44.05226071189149,80.30952081178977,50.38190279326196,20.6,12.8,0.3,15.2,7.800000000000001,51,2
2025-02-21,40.21507759589869,71.50093544220054,48.03207890085943,17.9,10.2,0.0,14.0,7.699999999999999,52,2
2025-02-22,39.85887428448206,72.25135664087655,39.75677772352735,17.7,9.3,0.0,16.5,8.399999999999999,53,2
2025-02-23,48.98700399322719,92.12939979463282,40.71664915373322,17.2,9.1,0.0,16.1,8.1,54,2
2025-02-24,41.06562351715847,70.89849463504633,40.42420973756643,16.2,8.6,0.1,16.7,7.6,55,2
2025-02-25,41.9198823391608,78.87542389387659,39.39336209536151,17.0,6.9,0.0,12.7,10.1,56,2
2025-02-26,48.956069610819725,92.0722705014951,43.48009993611251,19.5,8.9,0.1,14.3,10.6,57,2
2025-02-27,45.61962313489224,81.7611160618328,40.68687172444964,21.2,9.8,0.0,12.2,11.399999999999999,58,2
2025-02-28,38.879377324110735,63.61731448637354,39.91753866024989,22.4,9.8,0.0,11.9,12.599999999999998,59,2
2025-03-01,27.59956844541298,47.85575724046007,46.870844895601074,22.3,10.8,0.0,12.8,11.5,60,3
2025-03-02,25.126040394870728,49.11785635045064,47.37811833688724,23.1,10.9,0.0,12.0,12.200000000000001,61,3
2025-03-03,28.19243257979346,50.67777445673158,42.18273696136003,24.0,11.3,0.0,15.5,12.7,62,3
2025-03-04,27.77209189594776,46.99185871582123,47.8414217230504,22.1,11.8,0.0,16.0,10.3,63,3
2025-03-05,38.58218656137641,67.93361104679289,41.97368908333868,22.5,11.5,1.6,12.4,11.0,64,3
2025-03-06,33.624636868820815,63.04620644339113,45.692660952151925,22.8,11.5,0.3,13.1,11.3,65,3
2025-03-07,32.32449735595567,59.82429594532435,48.92137605044982,24.4,11.9,0.0,13.4,12.499999999999998,66,3
2025-03-08,43.21702790591745,77.07385393314233,45.805549741185146,24.9,13.1,0.0,9.9,11.799999999999999,67,3
2025-03-09,16.894323454960574,29.30930898348497,48.41896364856454,26.0,12.8,0.0,17.9,13.2,68,3
2025-03-10,35.11807279054283,62.03725657584564,45.31428142444972,27.3,14.2,0.0,14.6,13.100000000000001,69,3
2025-03-11,42.07432596943483,72.96655619148719,46.654133666287606,27.4,14.2,0.0,11.8,13.2,70,3
2025-03-12,31.807068771100795,62.09885085638976,47.57656227647864,29.0,13.8,0.0,12.0,15.2,71,3
2025-03-13,49.72877021603465,88.54482498122834,47.33368661383904,32.2,15.8,0.0,10.5,16.400000000000002,72,3
2025-03-14,42.91248203747207,80.89394322992621,50.33290334753687,33.4,17.1,0.0,13.0,16.299999999999997,73,3
2025-03-15,34.573560430495995,66.79635693066014,44.00552680454501,32.0,16.6,0.0,15.3,15.399999999999999,74,3
2025-03-16,49.28390933053142,91.70596948940045,50.27538501143157,35.4,16.7,0.0,10.8,18.7,75,3
2025-03-17,44.98346428902198,79.67537478208543,51.52049802652132,36.1,18.1,0.0,19.5,18.0,76,3
2025-03-18,34.469331275292475,63.255986566536286,48.09528099001848,30.2,17.3,0.0,16.4,12.899999999999999,77,3
2025-03-19,22.391102931501685,40.23139845753028,45.93401021651688,26.5,14.5,0.0,22.7,12.0,78,3
2025-03-20,12.59319550229878,19.95664632194742,42.63294320055949,19.8,13.9,0.0,23.3,5.9,79,3
2025-03-21,19.19077815267604,35.51647851998169,44.79776607234426,19.8,12.5,0.0,17.6,7.300000000000001,80,3
2025-03-22,36.57167908272123,62.291902975418814,47.03806829653009,20.9,11.6,0.0,12.2,9.299999999999999,81,3
2025-03-23,26.22958087045567,50.776283732204895,42.320939092606935,23.2,9.7,0.0,14.7,13.5,82,3
2025-03-24,31.18783118609696,54.74424424307935,42.14719657844342,26.6,12.4,0.0,16.3,14.200000000000001,83,3
2025-03-25,33.81171276617441,61.46456194673246,45.13182235102759,30.5,13.8,0.0,14.8,16.7,84,3
2025-03-26,45.11489912873196,82.05668204635595,49.09118831522029,33.4,15.9,0.0,12.0,17.5,85,3
2025-03-27,49.32831052643475,88.01424402647032,51.31231472873396,36.2,16.4,0.0,10.2,19.800000000000004,86,3
2025-03-28,38.92769972128949,71.82994090274691,47.30001573521017,32.3,18.8,0.0,17.4,13.499999999999996,87,3
2025-03-29,25.78991800572626,44.99714144043969,41.595533343000426,26.3,14.3,0.0,17.8,12.0,88,3
2025-03-30,38.79062532353314,72.43701747473139,46.15551669010325,28.3,14.2,0.0,11.0,14.100000000000001,89,3
2025-03-31,29.716181421088464,49.45118751721899,50.74570648045588,31.7,17.8,0.0,16.5,13.899999999999999,90,3
2025-04-01,28.47853369961944,51.64049939795422,50.48011786334226,28.5,20.5,0.6,16.6,8.0,91,4
2025-04-02,41.89650246522426,81.23049143457852,45.99030778756672,28.7,17.3,0.0,11.3,11.399999999999999,92,4
2025-04-03,37.59494308322676,64.66990357599146,46.868008711426256,29.2,16.0,0.0,15.7,13.2,93,4
2025-04-04,30.18917337911188,52.30727717082683,43.19320676461076,26.5,15.3,0.0,13.6,11.2,94,4
2025-04-05,47.2680296005283,86.62417682992769,48.81424331850089,29.9,15.1,0.0,10.0,14.799999999999999,95,4
2025-04-06,39.25818929402476,71.20348607506337,47.16628546323675,32.6,15.9,0.0,18.4,16.700000000000003,96,4
2025-04-07,37.637174516118506,68.798804426834,51.2325112529648,29.9,15.8,0.0,14.9,14.099999999999998,97,4
2025-04-08,41.873979062790326,76.84072370346559,46.23653403226355,37.3,15.9,0.0,20.9,21.4,98,4
2025-04-09,25.711054004482136,48.18406161375315,45.82148131019015,27.1,16.8,0.0,17.4,10.3,99,4
2025-04-10,20.42672648344292,40.09720719606593,46.60442935676696,24.0,14.4,0.0,17.7,9.6,100,4
2025-04-11,13.60639875547861,25.720973730647035,44.93533806529002,22.0,12.0,0.0,19.4,10.0,101,4
2025-04-12,35.79022155744592,63.69862583954703,56.292134655921984,24.2,12.1,0.0,16.7,12.1,102,4
2025-04-13,26.631828281770296,49.95501201079473,46.31920009827163,23.2,13.9,0.2,19.2,9.299999999999999,103,4
2025-04-14,28.79207664544772,57.52538376649154,42.52378161263196,25.9,13.5,0.0,17.1,12.399999999999999,104,4
2025-04-15,33.1198431315991,59.21781639773066,46.458143011643706,26.4,13.3,0.0,15.6,13.099999999999998,105,4
2025-04-16,24.052554763508116,40.37101066030268,40.4550146661342,27.6,14.2,0.0,17.6,13.400000000000002,106,4
2025-04-17,46.56875989808414,87.14500982441237,49.15760100281296,30.8,14.8,0.0,16.2,16.0,107,4
2025-04-18,35.95610590987614,64.35984714591626,46.987775771996965,32.2,15.4,0.0,16.3,16.800000000000004,108,4
2025-04-19,38.83697397302446,63.388544513401925,54.64156110224064,33.3,15.5,0.0,14.9,17.799999999999997,109,4
2025-04-20,45.15883311949346,83.82816464653949,48.96183890161786,33.6,16.7,0.0,12.9,16.900000000000002,110,4
2025-04-21,48.065046158683565,84.91109852776864,52.552936336819016,36.7,18.7,0.0,11.8,18.000000000000004,111,4
2025-04-22,44.17942012139566,79.25135637159971,53.47776863438239,41.7,26.6,0.0,16.2,15.100000000000001,112,4
2025-04-23,34.99762772277344,63.99167089269923,59.555405407413325,36.0,23.4,0.0,15.9,12.600000000000001,113,4
2025-04-24,34.81734178567997,63.24271425356115,47.23502893552835,29.2,19.9,0.0,16.6,9.3,114,4
2025-04-25,44.24012248237517,81.76057591969243,55.490228173916805,28.6,16.6,0.0,14.7,12.0,115,4
2025-04-26,36.46710023077489,64.33432130368527,51.536607048473066,28.8,18.0,0.0,18.2,10.8,116,4
2025-04-27,43.40593313319699,79.66999703428283,51.108266909341545,30.3,17.2,0.0,15.2,13.100000000000001,117,4
2025-04-28,35.51392161784408,63.14641887936759,50.71493258927008,30.4,17.3,0.0,13.5,13.099999999999998,118,4
2025-04-29,30.7019758987071,57.479988060335295,51.475189192865,31.5,17.6,0.0,15.7,13.899999999999999,119,4
2025-04-30,21.98106539950176,41.41202017114233,43.20930968261756,33.2,17.8,0.0,25.3,15.400000000000002,120,4
2025-05-01,31.83862456144347,54.50320810446446,46.50446642339697,27.7,17.4,0.0,16.4,10.3,121,5
2025-05-02,31.940957592354746,60.75167001476364,51.12063188473728,27.9,16.4,0.0,19.9,11.5,122,5
2025-05-03,22.6176768514259,39.10392799722448,46.76441126610358,26.6,16.8,1.0,14.8,9.8,123,5
2025-05-04,40.387751597303065,75.12212626998895,41.4592406127857,26.8,16.0,1.0,13.8,10.8,124,5
2025-05-05,39.92996050710505,72.97579085299311,48.43038219769012,29.4,16.1,0.0,11.2,13.299999999999997,125,5
2025-05-06,35.2555946502629,68.97462140085858,57.79642206502197,33.3,18.6,0.0,15.5,14.699999999999996,126,5
2025-05-07,35.44947812369916,63.13866267554293,56.50756686213888,34.2,19.0,0.0,13.9,15.200000000000003,127,5
2025-05-08,28.175716640671148,49.66833956485348,52.05198396253587,35.5,19.2,0.0,17.3,16.3,128,5
2025-05-09,44.95585291980957,80.86227643799403,57.48579710823235,37.8,20.1,0.0,15.6,17.699999999999996,129,5
2025-05-10,46.57658983594203,82.92832235619282,52.75397191852779,38.7,22.7,0.0,12.5,16.000000000000004,130,5
2025-05-11,28.03019550129472,52.854177608156654,48.84451365269312,41.1,24.8,0.0,21.6,16.3,131,5
2025-05-12,30.45460613968193,49.96935922611771,47.16213604748178,33.1,20.7,0.0,15.7,12.400000000000002,132,5
2025-05-13,26.90107650354936,45.2608904489498,59.2115550740328,36.6,23.7,0.1,23.0,12.900000000000002,133,5
2025-05-14,45.39510762644696,78.50778496286695,48.50402767268278,31.0,19.1,0.0,14.5,11.899999999999999,134,5
2025-05-15,36.85204324318197,69.18460061364827,49.22646408249993,32.0,19.0,0.0,14.3,13.0,135,5
2025-05-16,40.69428523440948,78.38155353968284,53.62064721490048,39.7,20.7,0.0,11.7,19.000000000000004,136,5
2025-05-17,36.22128467957028,64.8849647676141,64.71654635829202,43.5,25.0,0.0,20.9,18.5,137,5
2025-05-18,30.00638215126165,53.50502270270093,59.94383566144825,37.4,21.7,0.0,21.7,15.7,138,5
2025-05-19,18.28556678529214,33.1241767028654,59.91512093379254,33.4,19.4,0.0,19.3,14.0,139,5
2025-05-20,32.038525667410944,61.15498110916427,49.68381915839979,32.2,17.5,0.0,18.3,14.700000000000003,140,5
2025-05-21,34.145327348956606,58.679529825550176,52.28249795498838,33.5,17.5,0.0,17.0,16.0,141,5
2025-05-22,39.73103182406709,72.2309642315251,45.63342980231684,34.5,18.1,0.0,16.9,16.4,142,5
2025-05-23,43.67478047472672,81.54019774385539,59.1677377044731,37.1,18.8,0.0,19.5,18.3,143,5
2025-05-24,40.16282514773879,73.79636777574936,49.78888179492826,39.1,21.0,0.0,20.5,18.1,144,5
2025-05-25,43.31555654722585,78.53674663480277,56.28710225505052,40.7,22.5,0.0,14.6,18.200000000000003,145,5
2025-05-26,27.22737045629164,52.01240509902637,52.23078988946863,42.7,22.7,0.0,23.6,20.000000000000004,146,5
2025-05-27,47.3567990162493,77.13254135025103,48.02453269304521,32.3,20.8,0.0,16.9,11.499999999999996,147,5
2025-05-28,36.90609217007245,68.46459186472313,47.270950275801205,32.7,18.5,0.0,15.7,14.200000000000003,148,5
2025-05-29,36.99964645956474,64.63713657783426,48.428498957296725,33.1,19.0,0.0,15.7,14.100000000000001,149,5
2025-05-30,31.949374564449972,52.016975525440586,48.88350918740409,33.4,20.4,0.0,19.1,13.0,150,5
2025-05-31,34.610423803839275,63.83237064548564,48.54692482029969,32.9,21.4,0.0,17.8,11.5,151,5
2025-06-01,33.628197940380296,64.6517319281734,54.73333564712123,34.0,20.7,0.0,17.9,13.3,152,6
2025-06-02,30.53168996559881,54.5446963941948,46.38054882774992,33.0,20.0,0.0,18.0,13.0,153,6
2025-06-03,31.715705293798035,59.94689317044528,51.68216570805546,33.0,19.1,0.0,17.3,13.899999999999999,154,6
2025-06-04,36.57623364892,70.67405534202194,57.05183660922224,35.3,19.3,0.0,17.0,15.999999999999996,155,6
2025-06-05,38.30287614433117,72.88992042054825,51.087214541946416,36.9,20.2,0.0,15.0,16.7,156,6
2025-06-06,31.82577108661418,62.2062815440197,51.10832443700959,38.3,20.5,0.0,19.5,17.799999999999997,157,6
2025-06-07,39.452151138459485,73.24025452244275,53.11790149927899,38.4,20.9,0.0,17.2,17.5,158,6
2025-06-08,37.47511391289572,67.68150595991708,58.51890083344284,38.0,21.3,0.0,17.1,16.7,159,6
2025-06-09,47.85996494291345,81.3420394615527,54.75643052381343,38.3,21.0,0.0,16.2,17.299999999999997,160,6
2025-06-10,21.665150958034943,38.25908426007305,52.5151428215696,39.4,22.0,0.0,20.4,17.4,161,6
2025-06-11,48.60753425961232,84.9638218813536,56.33550660475216,39.0,22.1,0.0,14.7,16.9,162,6
2025-06-12,42.70042596248815,83.3735948849721,49.93083140065431,38.9,23.2,0.0,19.1,15.7,163,6
2025-06-13,28.71304883795925,51.15583047102964,57.7854380417718,40.1,22.3,0.0,18.0,17.8,164,6
2025-06-14,34.86656202959827,63.12942607363035,56.39442923080707,39.6,22.7,0.0,19.4,16.900000000000002,165,6
2025-06-15,36.08279567002104,66.60348833415928,51.84876611544446,36.8,21.6,0.0,17.0,15.199999999999996,166,6
2025-06-16,29.6424415264109,53.48720208665698,49.00565680621108,35.6,20.8,0.0,17.2,14.8,167,6
2025-06-17,35.15091656204562,68.35680293297439,49.233276310866174,36.3,21.0,0.0,16.0,15.299999999999997,168,6
2025-06-18,33.39712077267086,58.24686930560419,55.63926934538364,37.5,22.2,0.0,16.7,15.3,169,6
2025-06-19,45.83135221711812,83.08025635652434,58.355922009956245,37.4,22.4,0.0,17.9,15.0,170,6
2025-06-20,42.318391965737305,73.945693781233,51.43076901188482,38.3,21.6,0.0,18.0,16.699999999999996,171,6
2025-06-21,43.17777547497079,73.7599283212853,55.87354681420594,38.4,22.2,0.0,18.6,16.2,172,6
2025-06-22,33.60836032021618,58.65974130367327,45.75189192559173,38.5,23.2,0.0,23.2,15.3,173,6
2025-06-23,34.16474114391386,61.38542366789971,50.6815290773712,36.7,22.1,0.0,15.7,14.600000000000001,174,6
2025-06-24,36.107398668601135,63.70541092993026,53.4357642685164,37.6,20.9,0.0,16.9,16.700000000000003,175,6
2025-06-25,40.42687280613959,70.6911081114297,49.92126633207267,37.6,22.4,0.0,17.4,15.200000000000003,176,6
2025-06-26,33.409360955540265,55.91789732895698,49.393974500841615,36.9,22.0,0.0,16.0,14.899999999999999,177,6
2025-06-27,46.56499215086194,83.5676691536654,51.72888177412445,39.0,22.2,0.0,14.8,16.8,178,6
2025-06-28,33.75837300920932,56.250910294483774,56.2887709133055,40.2,22.7,0.0,20.8,17.500000000000004,179,6
2025-06-29,35.37589596225201,65.95678062312243,53.9506839263745,39.5,23.5,0.0,18.9,16.0,180,6
2025-06-30,45.71479984101747,82.53395897263496,45.26707506670011,38.7,23.2,0.0,15.2,15.500000000000004,181,6
2025-07-01,43.7113165574302,74.30771530497955,45.797199389459735,38.8,26.4,0.0,15.7,12.399999999999999,182,7
2025-07-02,37.1351691709046,65.91567727647869,50.952539288571295,37.3,23.9,0.0,16.6,13.399999999999999,183,7
2025-07-03,39.80664901682125,69.3954990135065,56.35074634421421,39.2,23.6,0.0,20.9,15.600000000000001,184,7
2025-07-04,34.77468336200052,63.55195358285848,43.76998062909906,39.6,24.0,0.0,17.0,15.600000000000001,185,7
2025-07-05,43.59967803472133,82.50077180056783,52.34107929539347,38.9,23.4,0.0,16.4,15.5,186,7
2025-07-06,46.27550628984192,77.67039391277824,52.41500857393032,39.2,23.3,0.0,14.7,15.900000000000002,187,7
2025-07-07,37.54226780343004,67.92116028361632,60.73335111283379,40.3,22.7,0.0,18.1,17.599999999999998,188,7
2025-07-08,41.19066511121059,73.66279881347916,52.97991275314855,39.2,23.1,0.0,17.2,16.1,189,7
2025-07-09,33.43443211807348,62.19599804188366,55.81195593896371,38.8,22.3,0.0,16.9,16.499999999999996,190,7
2025-07-10,41.47013509603451,75.28583305757519,55.86502856034985,40.5,23.7,0.0,19.7,16.8,191,7
2025-07-11,41.165489317785045,71.84197277679662,45.7577340807712,38.8,23.8,0.0,15.3,14.999999999999996,192,7
2025-07-12,33.966384897404815,60.18233100832881,57.83282886652695,39.6,24.6,0.0,19.4,15.0,193,7
2025-07-13,43.70504612918445,76.28100546212154,54.78158602182516,38.2,23.8,0.0,17.4,14.400000000000002,194,7
2025-07-14,35.9482815472862,67.93492820091096,55.47307455869836,37.4,23.5,0.0,16.3,13.899999999999999,195,7
2025-07-16,41.27685413238048,80.00190949554388,46.78354824200565,40.2,25.0,0.0,11.4,15.200000000000003,197,7
2025-07-17,45.6100497567282,81.9161071206669,62.55878659904443,41.1,26.0,0.0,16.2,15.100000000000001,198,7
2025-07-18,36.28785323751858,63.19291552680207,54.030209922398576,40.3,26.1,0.0,15.7,14.199999999999996,199,7
2025-07-19,46.30397090992182,78.8060044600208,55.60931561761204,39.1,25.1,0.0,18.5,14.0,200,7
2025-07-20,25.1903529605814,39.93321630027869,53.61795101879503,38.0,24.1,0.0,19.2,13.899999999999999,201,7
2025-07-21,47.24228184145019,80.28369948559387,53.12305466640783,39.7,24.6,0.0,18.0,15.100000000000001,202,7
2025-07-22,48.38508733601309,87.89453715785803,52.78066828704497,40.1,24.8,0.0,12.5,15.3,203,7
2025-07-23,31.026434440648043,57.37375706285628,57.33803494229203,41.7,26.2,0.0,23.9,15.500000000000004,204,7
2025-07-24,46.45540456595524,78.87615611262304,49.59130521331328,41.1,27.0,0.0,11.8,14.100000000000001,205,7
2025-07-25,43.54568057176035,81.06733997139699,58.90231667008706,41.5,24.0,0.0,17.1,17.5,206,7
2025-07-26,49.03182648787576,86.80810452312603,55.375222380458986,43.4,25.8,0.0,13.0,17.599999999999998,207,7
2025-07-27,50.81650941008261,91.91009597410536,52.27972264383857,43.0,27.4,0.0,15.4,15.600000000000001,208,7
2025-07-28,41.33113824331021,79.23271072272465,53.619948568016746,40.7,26.1,0.0,17.2,14.600000000000001,209,7
2025-07-29,43.65150880730938,81.26323380075348,60.02859686745029,40.0,25.9,0.0,15.4,14.100000000000001,210,7
2025-07-30,38.11193893893071,67.79589814635779,51.41865965193511,37.6,24.7,0.0,16.1,12.900000000000002,211,7
2025-07-31,39.14527188139466,67.78791271026454,54.39381447283848,36.6,25.7,0.0,15.9,10.900000000000002,212,7
2025-08-01,41.87900884446029,68.92676971604061,50.15617489713811,36.8,25.0,0.0,15.4,11.799999999999997,213,8
2025-08-02,27.24915803671687,46.89102450836311,56.53168739969448,37.5,24.8,0.0,18.8,12.7,214,8
2025-08-03,27.319072889471435,48.5409404845655,56.062030955160814,37.2,25.4,0.0,19.8,11.800000000000004,215,8
2025-08-04,41.14632047011357,71.10183826475088,60.654435333185646,37.1,24.8,0.0,17.5,12.3,216,8
2025-08-05,37.16432719063971,66.50201804187458,52.61774421800314,37.2,25.0,0.0,18.3,12.200000000000003,217,8
2025-08-06,34.870083318236595,62.996705621702176,56.95461921903163,38.8,24.0,0.0,19.5,14.799999999999997,218,8
2025-08-07,37.61216966532696,67.0273374521643,53.83227015815578,37.4,24.9,0.0,17.6,12.5,219,8
2025-08-08,41.38790852680836,72.54822760578467,58.98348712745205,38.0,24.6,0.0,16.5,13.399999999999999,220,8
2025-08-09,43.24120159845319,78.34012689311592,51.70467044956508,39.3,25.8,0.0,13.0,13.499999999999996,221,8
2025-08-10,44.77847637298844,81.92707942008741,58.82002125150912,41.4,26.9,0.0,12.3,14.5,222,8
2025-08-11,47.1292262754884,81.56141006355058,55.42121081553328,42.0,26.9,0.0,14.3,15.100000000000001,223,8
2025-08-12,38.35813611192484,73.27744214070353,56.24324729156601,42.5,26.9,0.0,16.5,15.600000000000001,224,8
2025-08-13,49.40126377857237,88.62651040457747,57.58700993779349,43.7,27.0,0.0,14.4,16.700000000000003,225,8
2025-08-14,36.10708197881079,65.04929643069396,58.64896158570671,44.4,26.9,0.0,16.6,17.5,226,8
2025-08-15,50.72577818662822,93.43104400570049,56.09508382751217,42.6,26.6,0.0,15.0,16.0,227,8
2025-08-16,41.21298741206521,74.88302573550789,54.9588527326821,38.5,25.9,0.0,17.3,12.600000000000001,228,8
2025-08-17,38.51014867156938,72.17767751056464,59.87247223024874,37.6,24.9,0.0,17.9,12.700000000000003,229,8
2025-08-18,44.923454919727575,81.72359135111512,58.46179874246088,39.2,23.7,0.0,16.9,15.500000000000004,230,8
2025-08-19,49.307372222312885,86.91595787624189,59.73661836998759,42.1,26.5,0.0,17.8,15.600000000000001,231,8
2025-08-20,41.661850325090654,76.0758411607815,52.15784189590451,38.3,25.8,0.0,18.7,12.499999999999996,232,8
2025-08-21,29.255628843341785,49.22895329605323,50.36303668708671,38.2,24.5,0.0,17.4,13.700000000000003,233,8
2025-08-22,33.66211516632149,60.91748641670826,58.04120223295101,38.7,23.6,0.0,16.6,15.100000000000001,234,8
2025-08-23,37.88590711152161,68.09494282880551,59.22418717011917,41.2,24.3,0.0,17.3,16.900000000000002,235,8
2025-08-24,44.73045525105416,79.89046888007988,61.49068270300393,41.0,24.8,0.0,14.8,16.2,236,8
2025-08-25,38.828295102345606,69.5053186499053,50.96407749612308,37.3,24.7,0.0,18.4,12.599999999999998,237,8
2025-08-26,33.90128093423267,55.376758545125895,51.74180537855861,36.1,23.4,0.0,16.9,12.700000000000003,238,8
2025-08-27,40.49383382238539,71.24272615707082,47.06206334989827,37.7,23.3,0.0,16.4,14.400000000000002,239,8
2025-08-28,33.18308533823339,60.00808831224345,50.550115575756514,35.2,22.5,0.0,16.8,12.700000000000003,240,8
2025-08-29,38.242410985040266,69.31590894906468,56.88628204231779,36.5,24.7,0.0,14.6,11.8,241,8
2025-08-30,33.376694515758885,56.99502470558812,51.154018483087214,36.7,24.2,0.0,15.3,12.500000000000004,242,8
2025-08-31,36.44383376944548,69.39602430759598,57.0819191808033,39.2,23.4,0.0,16.2,15.800000000000004,243,8
2025-09-01,33.56157697191833,57.81231400480949,53.87798757600876,39.4,23.9,0.0,16.8,15.5,244,9
2025-09-02,37.200633735113335,69.86951232478422,55.45622811288624,38.6,24.3,0.0,15.2,14.3,245,9
2025-09-03,47.8282089830392,87.37235925508563,48.12923444073733,36.2,23.4,0.0,13.6,12.800000000000004,246,9
2025-09-04,34.233005555840286,59.680728070981104,53.3008377985356,36.6,23.3,0.0,16.2,13.3,247,9
2025-09-05,47.821910324186966,91.40537126136508,42.25545611639711,38.7,23.9,0.0,20.2,14.800000000000004,248,9
2025-09-06,36.85658950440445,62.76095061265857,52.03241536735206,36.3,24.1,0.0,19.1,12.199999999999996,249,9
2025-09-07,37.22418061847437,69.76098763408386,45.77810702513944,35.5,23.4,0.0,17.4,12.100000000000001,250,9
2025-09-08,34.73821109909393,65.53052693249802,56.583978066187264,34.6,23.3,0.0,15.1,11.3,251,9
2025-09-09,39.96154939704495,69.91892828745097,54.62962941105805,34.2,22.2,0.0,16.6,12.000000000000004,252,9
2025-09-10,31.50181086881113,60.88065546405303,53.62668392786432,34.6,22.7,0.0,18.2,11.900000000000002,253,9
2025-09-11,36.030049073226806,64.1039487880114,58.62402490863752,35.9,22.6,0.0,18.2,13.299999999999997,254,9
2025-09-12,53.67042269134397,97.47284173225871,49.34433391670065,36.9,22.0,0.0,15.1,14.899999999999999,255,9
2025-09-13,41.18970050137675,74.9224264187918,60.72945279166223,37.9,22.9,0.0,15.1,15.0,256,9
2025-09-14,45.58636663142837,81.65253371215942,58.00876625704154,38.8,23.1,0.0,16.8,15.699999999999996,257,9
2025-09-15,39.06411787437056,72.74783699334635,52.013778851124215,36.6,22.6,0.0,13.8,14.0,258,9
2025-09-16,36.29505754751519,67.71156974718399,56.18248058873178,34.4,22.5,0.0,16.7,11.899999999999999,259,9
2025-09-17,50.224003178177554,85.15760980100505,47.51482595035346,34.9,22.9,0.0,13.7,12.0,260,9
2025-09-18,35.48516471106115,67.78631720854453,49.841943353889306,36.9,23.0,0.0,16.6,13.899999999999999,261,9
2025-09-19,49.56224278998464,84.22456105786534,49.8656411070412,35.5,22.5,0.0,14.6,13.0,262,9
2025-09-20,38.15875967727738,71.78340603212426,49.824089167743935,34.9,23.0,0.0,18.2,11.899999999999999,263,9
2025-09-21,30.54766612052866,58.36591442743434,46.99376942895898,33.7,22.2,0.0,18.4,11.500000000000004,264,9
2025-09-22,48.49203869527761,84.01277036085409,55.7523322683813,33.1,21.6,0.0,10.1,11.5,265,9
2025-09-23,42.05277224813365,74.46254718277682,50.24458239852068,33.8,21.8,0.0,15.9,11.999999999999996,266,9
2025-09-24,36.58904981108599,62.54317565449696,52.27001987342752,33.1,21.6,0.0,18.0,11.5,267,9
2025-09-25,26.22887640054772,46.56721443011968,47.67859453434528,31.6,20.3,0.0,16.8,11.3,268,9
2025-09-26,32.12431412087565,56.89966256501895,43.93758679780593,33.7,21.0,0.0,16.8,12.700000000000003,269,9
2025-09-27,33.53240682224247,62.69731387684447,53.02022943356569,34.9,21.4,0.0,18.1,13.5,270,9
2025-09-28,31.167832854499768,60.0330253764584,44.230980098320885,34.8,21.3,0.0,20.2,13.499999999999996,271,9
2025-09-29,41.7133604877534,79.27110031032599,51.84546381565813,35.2,21.3,0.0,15.7,13.900000000000002,272,9
2025-09-30,33.838505004666274,59.22280492866439,47.12673984466876,36.0,21.6,0.0,19.9,14.399999999999999,273,9
2025-10-01,33.003278206449494,58.77823515037551,59.40910399692324,34.1,21.1,0.0,14.4,13.0,274,10
2025-10-02,44.710989255029816,75.42946608239082,56.66545088869889,36.7,21.8,0.0,13.7,14.900000000000002,275,10
2025-10-03,43.84292872641912,76.49966150806586,51.70301516508592,33.8,22.3,0.0,13.5,11.499999999999996,276,10
2025-10-04,33.4089522396552,63.03066893067174,56.57482671061868,34.2,22.7,0.0,20.5,11.500000000000004,277,10
2025-10-05,40.47390362777311,77.6997750006363,46.75473609013706,31.9,22.3,0.0,16.3,9.599999999999998,278,10
2025-10-06,46.48961077274452,79.97825277530038,52.013917514680365,31.4,19.7,0.0,11.2,11.7,279,10
2025-10-07,46.45590039614218,81.84322793559724,51.119241734874855,32.2,20.2,0.0,10.4,12.000000000000004,280,10
2025-10-08,37.119171442706765,66.73529132599539,52.09608032533468,33.4,20.8,0.0,15.5,12.599999999999998,281,10
2025-10-09,30.38519533242004,55.533835074814895,53.66941400042707,29.3,20.1,0.0,12.5,9.2,282,10
2025-10-10,35.52809109566293,61.52175341242833,51.68996841111921,29.6,19.2,0.0,16.2,10.400000000000002,283,10
2025-10-11,32.84843843581555,60.39937231786026,49.97489465130009,29.7,18.4,0.0,17.3,11.3,284,10
2025-10-12,34.377894185976864,60.45869149354561,42.32045025508681,29.9,18.6,0.0,16.6,11.299999999999997,285,10
2025-10-13,28.27625712089845,50.85390600498237,44.97981481888215,29.7,17.4,0.0,15.4,12.3,286,10
2025-10-14,26.114717297958688,48.64534388033673,48.4491642656171,29.9,18.3,0.0,17.6,11.599999999999998,287,10
2025-10-15,43.26576426666452,77.89764248942895,48.7734894971066,29.0,19.9,0.0,12.8,9.100000000000001,288,10
2025-10-16,36.32222423071672,64.07084594371038,44.1191851013043,29.4,17.5,0.0,14.0,11.899999999999999,289,10
2025-10-17,36.887503486863125,66.06867686457613,58.70670670231369,30.1,17.9,0.0,16.4,12.200000000000003,290,10
2025-10-18,38.28159188065231,68.64177650755815,55.24557622101429,30.3,17.5,0.0,13.4,12.8,291,10
2025-10-19,38.10878069747873,67.48577216581533,52.12847328156993,31.2,17.6,0.0,14.0,13.599999999999998,292,10
2025-10-20,45.37141902988,80.89216606578269,51.14814744513498,33.1,18.9,0.0,13.2,14.200000000000003,293,10
2025-10-21,32.99977635891313,64.19553895755779,50.01116412039539,33.1,20.2,0.0,16.6,12.900000000000002,294,10
2025-10-22,40.31060388470492,74.24184533629257,47.652326159911055,34.1,21.6,0.0,14.3,12.5,295,10
2025-10-23,37.48862355647479,66.59308144756714,51.40992207407545,33.5,20.0,0.0,14.0,13.5,296,10
2025-10-24,44.31751886283842,81.86239716664136,51.411010160571,32.3,19.4,0.0,8.9,12.899999999999999,297,10
2025-10-25,35.0241393826568,62.04199241951421,46.0729576980735,33.4,19.6,0.0,16.1,13.799999999999997,298,10
2025-10-26,36.20066885816857,68.68057785746335,50.8167056689796,30.8,20.8,0.0,15.7,10.0,299,10
2025-10-27,39.04625689168262,71.392188981623,48.558963804701,30.3,19.7,0.0,11.2,10.600000000000001,300,10
2025-10-28,44.7787806278676,80.27989869814901,42.26876976849044,31.5,19.3,0.0,13.8,12.2,301,10
2025-10-29,35.36696348890248,65.0036850574553,46.33845995688199,31.3,18.3,0.0,12.8,13.0,302,10
2025-10-30,35.25564177919321,58.74752674634228,47.52557786631342,30.3,19.9,0.0,14.7,10.400000000000002,303,10
2025-10-31,33.73134470862912,57.33611806880301,57.21075062936076,31.1,19.9,0.0,15.3,11.200000000000003,304,10
2025-11-01,57.59488942176866,100.08902593998644,52.24621249813503,31.7,20.6,0.0,16.0,11.099999999999998,305,11
2025-11-02,57.64277388255788,104.18582227289532,44.07807372360044,30.7,20.4,0.2,11.0,10.3,306,11
2025-11-03,41.05922269734317,79.10414585367299,50.04414515767055,28.5,20.9,2.8,20.2,7.600000000000001,307,11
2025-11-04,43.192198134815136,84.43985708124515,45.150784044246535,33.9,21.2,0.0,17.0,12.7,308,11
2025-11-05,59.37525132934629,108.7896056971456,53.810764215548296,30.8,19.4,0.0,10.4,11.400000000000002,309,11
2025-11-06,62.268153978117184,113.5852105854443,45.85550139272848,27.9,19.8,0.0,9.0,8.099999999999998,310,11
2025-11-07,56.70141994637712,96.6593827010206,47.90545524504332,28.8,17.7,0.0,10.5,11.100000000000001,311,11
2025-11-08,55.85740187532676,98.9153019763861,53.76318659016876,29.1,17.9,0.0,14.5,11.200000000000003,312,11
2025-11-09,44.67355774949814,78.04905269337192,43.671345725663,29.7,19.4,0.0,17.0,10.3,313,11
2025-11-10,55.4567372009279,97.95958416691688,43.53152725954804,30.2,19.4,0.0,16.5,10.8,314,11
2025-11-11,63.85449061809625,114.43365165681888,45.58560269461599,28.2,21.1,0.0,12.8,7.099999999999998,315,11
2025-11-12,55.2758071978017,98.0801812229517,51.23351540407727,26.8,16.2,0.0,8.9,10.600000000000001,316,11
2025-11-13,46.83248739299614,78.3605778762657,40.34261569809263,25.7,16.5,0.2,13.4,9.2,317,11
2025-11-14,54.75692238558851,100.80619106241193,34.85137760755772,25.3,16.3,0.0,14.5,9.0,318,11
2025-11-15,55.68786072865356,97.019920234357,44.375364566364006,25.3,16.1,0.0,14.3,9.2,319,11
2025-11-16,54.88569986423366,99.51200034795404,48.80696319964368,26.0,16.8,0.0,8.2,9.2,320,11
2025-11-17,54.12906591452072,103.6545666553872,51.46104699895532,26.1,17.2,0.0,9.1,8.900000000000002,321,11
2025-11-18,51.72107695569747,90.3397847454962,45.4073545516584,27.1,14.3,0.0,11.7,12.8,322,11
2025-11-19,49.227747444828616,81.01908283245253,47.05429357153599,29.5,15.4,0.0,11.1,14.1,323,11
2025-11-20,56.10674026757901,100.1341198160019,53.61560293702299,30.0,15.6,0.0,8.2,14.4,324,11
2025-11-21,60.46929616623966,112.1476120042271,43.20103320121832,32.8,15.8,0.0,6.5,16.999999999999996,325,11
2025-11-23,63.316575563066095,110.28118723016172,51.74169555970023,33.3,17.6,0.0,8.1,15.699999999999996,327,11
2025-11-24,45.9510736626826,84.20203026253826,49.35687488514014,27.6,18.6,0.7,16.6,9.0,328,11
2025-11-25,61.132502464070384,108.64257306498654,43.72077322723647,24.6,15.8,0.0,10.2,8.8,329,11
2025-11-26,46.338229796306045,83.09096857043848,45.59776404682336,24.1,14.4,0.0,11.3,9.700000000000001,330,11
2025-11-27,59.85161199238293,115.66593162734036,36.40669058634804,25.6,14.2,0.0,9.7,11.400000000000002,331,11
2025-11-28,54.71005577887246,93.96918941678496,44.02700635066461,26.1,14.2,0.0,9.4,11.900000000000002,332,11
2025-11-29,56.02268145173784,101.60204559761183,48.054034850217874,25.4,13.7,0.0,8.7,11.7,333,11
2025-11-30,53.92409746083303,98.46645494479574,40.27082386298129,22.0,13.7,0.0,10.7,8.3,334,11
2025-12-01,46.48638989218851,86.93286078075737,45.93593688635839,24.5,13.0,0.0,11.0,11.5,335,12
2025-12-02,51.99204873092025,93.87963717606917,47.54749000321079,24.6,13.3,0.0,12.4,11.3,336,12
2025-12-03,51.20226104106528,93.0882214924298,44.269803196568944,24.4,14.1,0.0,12.1,10.299999999999999,337,12
2025-12-04,60.83225632004074,108.32311567380796,47.821855083986286,26.9,14.5,0.0,8.1,12.399999999999999,338,12
2025-12-05,52.51584321953909,95.3358986189057,42.989069738861545,26.4,16.7,0.0,12.7,9.7,339,12
2025-12-06,58.30650069955448,103.92212443270584,44.03355488121581,23.1,13.3,0.0,14.3,9.8,340,12
2025-12-07,37.54130007874343,69.43905581130632,45.80086467835689,20.6,11.2,0.0,16.5,9.400000000000002,341,12
2025-12-08,37.075015224990906,65.62619639685273,43.687891843873736,20.1,11.4,0.6,16.1,8.700000000000001,342,12
2025-12-09,38.464297367876185,70.36703644388369,41.31387492174426,21.1,12.1,0.0,16.2,9.000000000000002,343,12
2025-12-10,38.88261440419873,69.90091748650278,44.61686561716317,21.2,12.7,0.0,16.2,8.5,344,12
2025-12-11,41.93306436346741,78.85766660655784,46.69843916254647,21.4,12.8,0.0,14.0,8.599999999999998,345,12
2025-12-12,54.52508265553776,97.99096760920251,35.76023488569009,21.6,13.0,0.0,11.8,8.600000000000001,346,12
2025-12-13,58.37252123994928,99.75144082728804,49.37629625982359,22.9,11.6,0.0,10.7,11.299999999999999,347,12
2025-12-14,47.94626853125261,90.08904785839668,43.15498104527571,22.5,15.2,0.0,10.8,7.300000000000001,348,12
2025-12-15,36.088222134478855,62.24160293947408,45.901959732960925,22.0,12.9,0.2,17.3,9.1,349,12
2025-12-16,47.80707778193202,84.09144099153117,48.98898769458091,22.0,13.6,0.0,14.1,8.4,350,12
2025-12-17,36.058884778595136,63.11900871934076,38.05330521107813,20.9,14.3,0.1,17.8,6.599999999999998,351,12
2025-12-18,51.33465908877756,96.52570063931206,40.702235990289815,20.9,9.4,0.0,11.7,11.499999999999998,352,12
2025-12-19,54.604615104256496,91.88128454572562,42.625805216497184,21.3,9.7,0.0,8.3,11.600000000000001,353,12
2025-12-20,48.74127942501384,97.1475485660049,41.90498591550229,23.4,11.3,0.0,7.6,12.099999999999998,354,12
2025-12-21,50.7475260066503,94.51371723916868,51.55974630334723,22.7,11.7,0.0,16.1,11.0,355,12
2025-12-22,57.49938836547761,104.16861580024715,40.71291162469283,21.9,10.6,0.0,12.0,11.299999999999999,356,12
2025-12-23,48.95605654757807,87.95621978379165,41.61781288205253,21.4,10.2,0.0,9.4,11.2,357,12
2025-12-24,51.03149220032008,92.71334818514912,45.25755612641191,22.4,10.3,0.0,9.3,12.099999999999998,358,12
2025-12-25,51.21932695362453,93.75815580166216,40.17140189569565,23.3,11.5,0.0,11.9,11.8,359,12
2025-12-26,53.30228394993512,97.8797578677334,42.97727715297495,22.6,10.7,0.0,10.3,11.900000000000002,360,12
2025-12-27,46.53272136336415,85.42571185206583,45.049813045000704,21.3,11.1,0.0,15.2,10.200000000000001,361,12
2025-12-28,52.12102269383175,94.08658289266288,41.90855838246996,20.4,12.2,0.0,15.5,8.2,362,12
2025-12-29,35.69526386252975,63.659459691631575,43.58645256440021,21.6,11.8,0.0,19.8,9.8,363,12
2025-12-30,47.04851377730773,84.2335049481934,41.66267155020652,21.3,13.3,0.0,10.0,8.0,364,12
2025-12-31,32.59340385992736,58.083402106811214,37.72211876327693,21.3,10.5,0.0,17.7,10.8,365,12
2026-01-01,37.92534980029041,71.66693993112393,44.94637284535696,21.1,12.5,0.0,16.2,8.600000000000001,1,1
2026-01-02,46.62436513563102,85.70452741097841,49.29973228658897,18.8,11.5,0.0,11.5,7.300000000000001,2,1
2026-01-03,53.74278931758894,87.91585486766725,42.41360652313375,18.9,7.6,0.0,12.9,11.299999999999999,3,1
2026-01-04,48.27194350481914,88.85720063826375,44.3210564689902,20.7,9.8,0.0,9.8,10.899999999999999,4,1
2026-01-05,58.148939758194494,105.2523001489064,47.33089102046744,22.6,6.8,0.0,6.7,15.8,5,1
2026-01-06,61.25788551963624,110.20806766600754,39.90267801381321,23.3,8.4,0.0,4.2,14.9,6,1
2026-01-07,66.42196636724043,118.39398410176612,53.17005863251842,25.6,10.8,0.0,6.0,14.8,7,1
2026-01-08,62.03466212936811,115.03472999282064,47.40931518569121,26.0,11.9,0.0,13.6,14.1,8,1
2026-01-09,28.7056561353984,54.51276043008569,49.947427596356434,20.7,13.9,1.5,20.8,6.799999999999999,9,1
2026-01-10,49.092802787408885,86.04841201386517,40.54786801790405,20.8,10.1,0.0,9.4,10.700000000000001,10,1
2026-01-11,59.42080438534536,108.17860475499526,51.172247690231295,21.5,10.1,0.0,8.0,11.4,11,1
2026-01-12,33.63945744813156,57.63605320301295,45.56062197613913,19.1,11.4,0.0,22.7,7.700000000000001,12,1
2026-01-13,42.32353662868017,72.04351143725752,43.89216034340944,17.8,10.5,0.0,20.1,7.300000000000001,13,1
2026-01-14,42.94964092662982,75.42920199416378,43.0960978174126,18.6,11.9,0.0,15.9,6.700000000000001,14,1
2026-01-15,47.6435395460647,88.34555160006474,41.5858855277022,19.3,9.8,0.0,10.0,9.5,15,1
2026-01-16,53.79327415346155,99.68726861235906,47.98212663389549,20.3,9.5,0.0,9.6,10.8,16,1
2026-01-17,55.89351790291453,102.14758848553804,44.161439479392186,21.0,9.8,0.0,10.3,11.2,17,1
2026-01-18,51.31241090598682,94.53762699132028,35.85172118565139,21.2,9.3,0.0,12.5,11.899999999999999,18,1
2026-01-19,50.64637015553649,92.71200114131057,38.35125415317199,19.7,10.0,0.0,11.1,9.7,19,1
2026-01-20,46.093373447945766,81.04362742063353,41.776616991229005,19.2,9.7,0.7,14.8,9.5,20,1
2026-01-21,47.91647795222837,87.5454279480329,47.179995932662216,24.9,11.4,0.0,17.9,13.499999999999998,21,1
2026-01-22,53.49079495518764,98.6846594950208,44.93364604440042,23.6,16.8,0.0,14.2,6.800000000000001,22,1
2026-01-23,52.87354943794821,97.43526297774751,48.83588315917466,21.6,11.1,0.0,11.1,10.500000000000002,23,1
2026-01-24,43.75440959841573,82.32467739157225,36.8755925438455,22.8,10.2,0.0,15.1,12.600000000000001,24,1
2026-01-25,60.793568432166616,111.55333471950313,45.49435174602064,23.2,10.5,0.0,5.0,12.7,25,1
2026-01-26,44.54254483254179,81.23092532119999,38.248083098451374,24.2,12.1,0.0,19.9,12.1,26,1
2026-01-27,34.97532164506382,66.16602967606417,46.158849181936674,20.2,9.0,0.0,17.4,11.2,27,1
2026-01-28,46.34336654436451,83.33849600210893,43.222165142232,21.0,12.2,0.0,14.2,8.8,28,1
2026-01-29,41.7833059383632,72.5643267353706,45.27843988809647,21.0,10.1,0.0,14.7,10.9,29,1
2026-01-30,38.88372411467408,69.50150251458206,43.02446815764094,25.8,13.3,0.0,20.6,12.5,30,1
2026-01-31,49.19225931303649,86.31135882904633,52.617859726631,27.5,14.5,0.0,18.8,13.0,31,1
2026-02-01,46.47549534009951,81.63035678725599,51.0068986562354,26.4,15.8,0.0,16.4,10.599999999999998,32,2
2026-02-02,46.252182740780746,82.8203729212588,47.07417721204755,22.9,15.1,0.0,14.2,7.799999999999999,33,2
2026-02-03,37.23071929510041,64.63803496818085,43.74193101254623,22.1,11.6,0.0,15.1,10.500000000000002,34,2
2026-02-04,58.3912678301361,104.18039750532786,46.33942914118053,21.7,10.7,0.0,7.8,11.0,35,2
2026-02-05,58.18742090570538,99.05651362940831,42.9924297280506,24.7,9.8,0.0,9.2,14.899999999999999,36,2
2026-02-06,62.976273616527294,113.99717363186797,50.74222263608285,27.2,16.2,0.0,12.4,11.0,37,2
2026-02-07,49.201108825235,88.56561231150968,54.87792357729568,28.8,15.3,0.0,14.2,13.5,38,2
2026-02-08,45.47575163831971,79.40508705577089,53.64244223991675,30.6,15.4,0.0,19.4,15.200000000000001,39,2
2026-02-09,56.506918418553774,103.690190158694,44.70159012077036,27.7,14.6,0.0,10.6,13.1,40,2
2026-02-10,60.26726639881738,111.29378993075096,47.80566926909241,25.6,14.2,0.0,11.4,11.400000000000002,41,2
2026-02-11,46.253522338065245,78.43366061541052,39.98743382496541,23.6,12.9,0.0,14.1,10.700000000000001,42,2
2026-02-12,42.225107628851696,73.7170193962344,48.6495612447027,25.6,13.7,0.0,19.1,11.900000000000002,43,2
2026-02-13,32.4594825485827,56.11964153808697,49.84241365145015,28.4,18.4,0.0,28.2,10.0,44,2
2026-02-14,52.65304561578179,91.95577280508064,38.16073464187134,24.4,14.5,0.0,11.2,9.899999999999999,45,2
2026-02-15,62.85783192724736,115.63252199484047,44.83286462435055,30.8,11.6,0.0,5.7,19.200000000000003,46,2
2026-02-16,54.120449964491534,96.83533151976636,48.16744441302493,30.5,15.1,0.0,13.5,15.4,47,2
2026-02-17,45.548158749298864,81.19314122480613,43.356561011436696,22.6,15.2,4.0,12.6,7.400000000000002,48,2
2026-02-18,33.947423502944694,55.09377521208019,39.42209225832477,22.1,12.4,0.0,18.4,9.700000000000001,49,2
2026-02-19,48.17484837073438,88.62098115794957,45.275914917408734,21.2,10.5,0.0,12.3,10.7,50,2
2026-02-20,44.50939592530413,76.39913748098702,45.32589443576205,22.2,10.7,0.0,12.5,11.5,51,2
2026-02-21,57.53523314462421,103.74321755112256,43.84292347208592,22.7,10.1,0.0,10.4,12.6,52,2
2026-02-22,39.89406547608112,72.6414486708206,41.59683399936655,22.7,11.1,0.0,13.1,11.6,53,2
2026-02-23,32.62539076364206,62.80767916207166,47.43482850566625,20.4,11.9,3.1,15.8,8.499999999999998,54,2
2026-02-24,48.59605937532261,83.54644567822336,50.34162845235318,21.2,11.3,0.1,12.7,9.899999999999999,55,2
2026-02-25,59.4376201461717,97.9291797956466,42.38575406461385,22.2,10.4,0.0,10.1,11.799999999999999,56,2
2026-02-26,40.15124869463506,72.82379628460419,42.11133233138072,22.6,11.6,0.1,17.6,11.000000000000002,57,2
2026-02-27,35.83400236653401,69.90273780429378,45.08483066164799,20.2,11.6,0.0,17.7,8.6,58,2
2026-02-28,53.46578534720295,99.9552526837836,41.387882481012056,19.7,10.2,0.0,13.8,9.5,59,2
2026-03-01,23.82993049791878,43.522853142077686,41.182411197347065,17.9,8.3,0.0,11.5,9.599999999999998,60,3
2026-03-02,15.465970216899592,26.363837833523124,45.47861260689868,19.2,9.0,0.2,15.0,10.2,61,3
2026-03-03,33.21007225026666,62.19949784039193,36.982575649970826,22.7,9.3,0.0,14.1,13.399999999999999,62,3
2026-03-04,33.42972887823695,57.25287338171311,49.65320929941068,22.3,9.3,0.0,10.6,13.0,63,3
2026-03-05,27.15383591434643,50.30597795389224,44.61072209731736,22.2,10.7,0.0,13.0,11.5,64,3
2026-03-06,31.95178223649677,59.02961850319407,43.27402742175128,23.2,11.2,0.0,16.1,12.0,65,3
2026-03-07,32.189003568855995,61.12083614643743,44.6830633831142,23.4,10.7,0.0,14.5,12.7,66,3
2026-03-08,25.50960684631636,54.19627244010268,44.70971742008207,23.1,11.5,0.0,16.1,11.600000000000001,67,3
2026-03-09,22.788478006645533,42.196508313498256,37.455194786220304,22.3,11.3,0.0,15.1,11.0,68,3
2026-03-10,33.602286641400724,58.95722507739881,50.95975290981295,23.3,10.9,0.0,15.6,12.4,69,3
2026-03-11,37.4510058897933,67.33508766505196,45.26530252908248,23.5,11.1,0.0,12.4,12.4,70,3
2026-03-12,27.66412068110309,44.4881895113182,48.192008521789504,25.7,11.9,0.0,17.6,13.799999999999999,71,3
2026-03-13,33.803184980238335,58.76159357116183,50.04619908229617,25.4,13.9,0.7,18.9,11.499999999999998,72,3
2026-03-14,14.079576168369227,24.115389788725302,41.9753501697588,25.1,16.0,0.0,23.1,9.100000000000001,73,3
2026-03-15,19.282374145376306,33.136008267873564,45.91388759614091,21.7,12.8,0.0,16.3,8.899999999999999,74,3
2026-03-16,29.61045965059378,53.75589198716997,44.86943563640482,24.9,11.3,0.0,13.9,13.599999999999998,75,3
2026-03-17,33.76206991822251,58.30446605565391,50.46708310086597,26.8,12.6,0.0,14.3,14.200000000000001,76,3
2026-03-18,40.796697246613455,76.79714704587764,39.95109031859402,29.1,14.1,0.0,11.8,15.000000000000002,77,3
2026-03-19,19.02381971071836,34.243496674047634,45.06362279903493,24.1,15.3,0.1,21.9,8.8,78,3
2026-03-20,15.720276982571477,28.26859760521282,43.70871737686415,25.2,13.6,0.0,26.8,11.6,79,3
2026-03-21,15.58230287904778,27.064461032747253,44.30905180253662,19.3,13.8,0.0,18.4,5.5,80,3
2026-03-22,43.4988230203663,78.7634534882363,45.84017674947281,21.6,9.2,0.0,10.0,12.400000000000002,81,3
2026-03-23,33.29924410803716,62.41393418846979,42.089496420711896,23.2,12.7,0.5,11.9,10.5,82,3
2026-03-24,34.026479157940635,58.64627183716044,42.43130454329582,23.8,13.6,0.3,16.0,10.200000000000001,83,3
2026-03-26,24.00376609576892,42.29560088605405,40.25343109073916,21.4,11.0,1.8,17.2,10.399999999999999,85,3
2026-03-27,32.36883640116102,54.226292751670194,49.00793478180851,24.4,12.4,0.0,16.0,11.999999999999998,86,3
2026-03-28,28.888542800086576,49.54160346099134,46.92317119821021,29.0,14.1,0.2,20.1,14.9,87,3
2026-03-29,13.083613799337714,22.12184221817391,34.01204712271343,24.4,16.2,6.6,20.3,8.2,88,3
2026-03-30,44.10576265066216,82.01354031333007,44.02071177351277,24.2,12.1,0.0,10.6,12.1,89,3
2026-03-31,42.51260584850735,77.31037451431901,43.40582471662411,27.6,14.0,0.0,9.7,13.600000000000001,90,3
2026-04-01,27.97501878794256,50.93580355239924,41.93489673815622,29.1,19.3,2.1,19.1,9.8,91,4
2026-04-02,20.301321528563875,39.095072637918896,40.45029344710971,24.0,16.9,2.2,18.7,7.100000000000001,92,4
2026-04-03,43.80058607724737,78.42893957384707,47.33763388733188,26.5,13.8,0.0,12.4,12.7,93,4
2026-04-04,25.158038489703653,46.45586383125325,51.79456331299293,25.8,14.5,0.0,17.4,11.3,94,4
2026-04-05,35.21470216455408,63.07679863739986,49.47273789545992,28.7,14.5,0.0,20.5,14.2,95,4
2026-04-06,35.82921024677828,65.28866549239979,43.93398644713704,25.6,13.8,0.0,12.3,11.8,96,4
2026-04-07,24.286124489409765,41.966748108102834,48.00361678068281,25.3,15.4,0.0,15.2,9.9,97,4
2026-04-08,35.40052207455394,56.40448825936781,44.28363875912403,25.2,13.8,0.1,12.8,11.399999999999999,98,4
2026-04-09,32.3447417126256,57.81769759616717,44.721598523347424,27.5,13.8,0.0,13.5,13.7,99,4
2026-04-10,41.153217744943625,78.34403634919835,42.88254932706806,27.5,14.9,0.0,12.7,12.6,100,4
2026-04-11,34.926880103488045,65.64703039300326,40.07268477299312,26.8,14.5,0.0,11.5,12.3,101,4
2026-04-12,31.469082833926095,59.54054155484049,46.54030517376222,28.5,14.8,0.0,15.4,13.7,102,4
2026-04-13,20.592296345272345,40.77452558690887,48.91221395968053,28.8,15.3,0.0,18.0,13.5,103,4
2026-04-14,34.538468403754614,62.43521589964261,48.91350531994044,30.5,15.3,0.0,14.4,15.2,104,4
2026-04-15,29.920603366855214,54.44903318255618,50.21613228821056,34.8,17.1,0.0,13.2,17.699999999999996,105,4
2026-04-16,41.62048588257137,73.06391890232543,49.89701575721288,37.8,18.3,0.0,9.8,19.499999999999996,106,4
2026-04-17,27.68207328072148,48.87951333721752,51.49298476673987,30.1,22.9,0.0,22.8,7.200000000000003,107,4
2026-04-18,31.27900079325416,58.14951487717092,42.23147232021366,27.5,20.2,0.0,19.1,7.300000000000001,108,4
2026-04-19,33.18728780892483,63.348771367571146,51.0241116553739,28.2,16.3,0.0,17.0,11.899999999999999,109,4
2026-04-20,25.095119284353935,44.752875884794086,42.9511319242931,26.6,15.1,0.0,16.9,11.500000000000002,110,4
2026-04-21,31.6614432192901,55.64003000016794,44.19025905058786,27.0,15.0,0.0,15.8,12.0,111,4
2026-04-22,29.90198730454716,53.82516102475467,42.77285923753729,29.4,15.0,0.0,18.4,14.399999999999999,112,4
2026-04-23,35.398176554037285,65.52033804405445,47.774391412457454,31.3,15.9,0.0,11.9,15.4,113,4
2026-04-24,42.21699150883575,71.65902026750372,53.20124983391192,30.5,17.0,0.0,15.8,13.5,114,4
2026-04-25,45.30681145287836,74.66371775576933,54.00251235377582,34.9,17.1,0.0,14.0,17.799999999999997,115,4
2026-04-26,30.49517913085168,53.23971188705828,51.11368844811214,27.0,17.7,0.0,16.0,9.3,116,4
2026-04-27,31.66442919497265,53.33383527320831,49.34857018373574,27.1,16.9,0.3,15.7,10.200000000000003,117,4
2026-04-28,35.44191403973776,62.27102467858604,44.88532068587852,30.5,16.9,0.0,16.0,13.600000000000001,118,4
2026-04-29,26.051325657878543,46.44904522772896,47.79684310268977,30.2,17.0,0.0,14.6,13.2,119,4
2026-04-30,33.25411308739701,58.49765833024558,46.35920348353015,30.8,16.6,0.0,16.1,14.2,120,4
2026-05-01,35.410078760011004,68.09554437143204,55.46229961615616,31.9,16.8,0.0,13.8,15.099999999999998,121,5
2026-05-02,21.861899950525427,40.33165420475273,47.752845414294754,35.9,19.6,0.0,23.9,16.299999999999997,122,5
2026-05-03,21.274498535570235,39.19552044285891,51.43479075755644,28.1,18.1,0.1,22.4,10.0,123,5
2026-05-04,33.34843263424761,61.8938001737759,49.39181548043508,24.7,13.8,0.0,19.6,10.899999999999999,124,5
2026-05-05,34.01421430633504,57.80908639806077,53.13848080686435,24.7,14.1,0.0,15.3,10.6,125,5
2026-05-06,23.704105051086017,45.78472445421564,45.381253629482,26.7,13.9,0.0,19.2,12.799999999999999,126,5
2026-05-07,33.36291390678079,59.825952172599045,51.24928863832065,29.0,15.4,0.0,17.8,13.6,127,5
2026-05-08,39.07677718293001,72.34964078099765,58.48660734615537,30.6,15.7,0.0,17.6,14.900000000000002,128,5
2026-05-09,38.26316841456384,65.65813144709446,48.50943329226521,33.3,16.6,0.0,18.0,16.699999999999996,129,5
2026-05-10,40.57815184960087,68.37939703123338,46.21983900987056,35.6,18.2,0.0,14.8,17.400000000000002,130,5
2026-05-11,38.97531611147213,72.60923797472492,45.49995986436895,36.7,20.0,0.0,14.1,16.700000000000003,131,5
2026-05-12,40.72111656806796,74.42723840081487,58.21084811544532,40.6,21.4,0.0,19.5,19.200000000000003,132,5
2026-05-13,41.76742692710875,72.47521380572323,45.36739916776566,36.5,18.7,0.0,15.6,17.8,133,5
2026-05-14,36.97596610013866,63.94774973642551,52.91072378824831,39.0,22.7,0.0,21.8,16.3,134,5
2026-05-15,38.07585900840984,71.91285056838203,52.54925274815584,33.0,21.2,0.0,17.0,11.8,135,5
2026-05-16,49.58776357659667,85.68973875927203,51.42070214731966,32.8,17.9,0.0,10.6,14.899999999999999,136,5
2026-05-17,34.66382394219715,67.32290195572276,57.48177945673669,41.3,22.9,0.0,19.8,18.4,137,5
2026-05-18,48.64697032817163,84.86268438676534,55.70915942320342,39.7,25.3,0.0,15.8,14.400000000000002,138,5
2026-05-19,39.617998023462,73.22757221905675,58.37546325325357,37.1,22.4,0.0,16.7,14.700000000000003,139,5
2026-05-20,41.326304363126326,73.40149242638043,45.49073447704481,30.5,21.1,0.0,18.3,9.399999999999999,140,5
2026-05-21,33.06406090955216,61.32487193044092,45.81201944616587,29.2,17.8,0.0,13.9,11.399999999999999,141,5
2026-05-22,47.26981901582625,83.45333222214467,46.08936221891671,30.3,17.9,0.0,13.1,12.400000000000002,142,5
2026-05-23,34.31955391731324,61.28681833294694,53.28076724745044,31.6,19.9,0.0,17.3,11.700000000000003,143,5
2026-05-24,30.51290998192776,55.04599549365712,53.44159435358025,31.4,19.5,0.0,16.9,11.899999999999999,144,5
2026-05-25,33.4605708297284,57.2224651261667,51.76490127727404,31.6,19.0,0.0,15.6,12.600000000000001,145,5
2026-05-26,27.3582634590284,51.467347262511495,54.45397466755971,31.2,19.0,0.0,20.0,12.2,146,5
2026-05-27,32.32082973200958,56.63785281820249,45.48783653049448,32.0,18.6,0.0,19.6,13.399999999999999,147,5
2026-05-28,38.62417744017751,68.83771964629946,57.28889644620456,32.7,20.1,0.0,16.1,12.600000000000001,148,5
2026-05-29,26.751499980307106,45.169651840727255,57.43295448684903,33.9,20.9,0.0,21.0,13.0,149,5
2026-05-30,40.918227038695086,65.96580769326522,54.52248798898299,34.3,20.3,0.0,13.6,13.999999999999996,150,5
2026-05-31,49.30135179305931,88.16934993970627,59.00719563508424,34.8,21.3,0.0,15.5,13.499999999999996,151,5
2026-06-01,40.16771585050356,79.53973479574516,46.0335071692889,36.1,21.8,0.0,20.9,14.3,152,6
2026-06-02,42.52161834837016,78.89272589076036,51.88220745494939,38.3,21.7,0.0,16.2,16.599999999999998,153,6
2026-06-03,38.040017390840994,68.4142501643106,51.75878615727219,39.5,23.1,0.6,17.7,16.4,154,6
2026-06-04,31.350156633591315,55.64160945283957,56.085917295029375,37.0,22.7,0.0,21.9,14.3,155,6
2026-06-05,41.327589863652086,74.45705943300989,49.11943704159142,37.2,22.3,0.0,17.0,14.900000000000002,156,6
2026-06-06,26.096037174007986,48.61422425874,57.24998059734994,38.7,23.6,0.0,22.5,15.100000000000001,157,6
2026-06-07,39.27311731288328,67.14917271726337,57.602144575986856,35.2,21.6,0.0,14.4,13.600000000000001,158,6
2026-06-08,26.527079630612057,51.09170841910832,56.82081160033599,38.4,21.9,0.0,19.9,16.5,159,6
2026-06-09,37.346115613026406,69.36915204977126,55.535004094646006,39.0,23.6,0.0,19.9,15.399999999999999,160,6
2026-06-10,39.8659796985137,73.91332063444847,49.608506636397,37.6,22.8,0.0,18.3,14.8,161,6
2026-06-11,33.874067688503125,62.28874905573481,49.69259613549854,36.8,22.1,0.0,18.1,14.699999999999996,162,6
2026-06-12,48.72993381645016,87.77273084269227,58.01847562118667,36.7,22.9,0.0,15.0,13.800000000000004,163,6
2026-06-13,36.341171684988296,67.4326927408794,56.55739601562133,37.4,22.5,0.0,14.3,14.899999999999999,164,6
2026-06-14,24.7881255989509,46.39406847933575,52.26392192248983,35.7,23.7,0.0,20.3,12.000000000000004,165,6
2026-06-15,38.16225909279985,67.62994423421665,50.50836181693644,35.3,21.1,0.0,16.8,14.199999999999996,166,6
2026-06-16,39.36549151306078,69.1370794048187,44.25676850755449,35.6,21.8,0.0,18.9,13.8,167,6
2026-06-17,38.54963845728934,69.69491810890678,48.67659032526225,36.6,22.6,0.0,22.1,14.0,168,6
2026-06-18,37.605578685655296,72.33710208866509,59.94567634855889,35.5,22.2,0.0,15.0,13.3,169,6
2026-06-19,38.90340416715648,66.30880627391997,46.99817771599014,35.2,22.3,0.0,19.1,12.900000000000002,170,6
2026-06-20,35.167457652496466,58.89884797723632,53.47791928488432,36.2,23.1,0.0,18.4,13.100000000000001,171,6
2026-06-21,30.416863500295904,55.24463682424218,56.38977589278079,35.6,22.3,0.0,20.8,13.3,172,6
2026-06-22,33.558299687433355,60.55760254294809,46.86030932799083,34.8,21.5,0.0,21.8,13.299999999999997,173,6
2026-06-23,37.53161439206709,68.07693089883199,53.87884189912433,36.9,21.6,0.0,19.5,15.299999999999997,174,6
2026-06-24,28.568039215078755,52.15433018086726,56.95166215004262,37.0,22.9,0.0,18.1,14.100000000000001,175,6
2026-06-25,40.41270174862948,72.07325638362866,53.60999728762901,37.6,22.5,0.0,20.7,15.100000000000001,176,6
2026-06-26,43.46045677073726,82.69841250313331,65.09361222266708,37.7,23.2,0.0,18.4,14.500000000000004,177,6
2026-06-27,32.612186492452345,53.89922375098468,47.00560296448722,37.8,23.2,0.0,19.0,14.599999999999998,178,6
2026-06-28,34.349017667187034,59.34274072659593,58.87491411953552,39.4,24.2,0.0,22.1,15.2,179,6
2026-06-29,34.700150931413695,62.15050739609751,54.06879305041414,39.6,24.3,0.0,22.3,15.3,180,6
2026-06-30,36.86336882911954,61.424497458952665,57.3076806193467,38.7,24.5,0.0,19.6,14.200000000000003,181,6
2026-07-01,33.26847423077291,59.35569040209503,56.10522860679698,38.9,23.3,0.0,19.4,15.599999999999998,182,7
2026-07-02,34.06188316030975,66.2958001857416,51.10737521156001,38.4,23.2,0.0,18.2,15.2,183,7
2026-07-03,37.30222964504277,67.20667282596487,54.17598556983736,37.1,23.6,0.0,17.5,13.5,184,7
2026-07-04,42.103645096296816,76.47866389049032,46.84839419440685,38.8,24.1,0.0,19.2,14.699999999999996,185,7
2026-07-05,40.88800077297216,69.81790709583215,56.45299000228557,38.4,24.3,0.0,17.7,14.099999999999998,186,7
2026-07-06,35.87692833956946,62.7293867871066,55.3526338639621,38.6,26.8,0.0,18.1,11.8,187,7
2026-07-07,40.308493553241725,71.4296992548633,55.754640674572414,37.0,23.9,0.0,18.1,13.100000000000001,188,7
2026-07-08,23.39728689684962,41.16197112406062,56.4124733003486,35.3,22.0,0.0,16.4,13.299999999999997,189,7
2026-07-09,45.65382850186053,86.02182268836025,53.890479360838846,35.7,22.1,0.0,15.1,13.600000000000001,190,7
2026-07-10,23.9614311061095,44.80364917317248,54.21235767919311,37.7,24.1,0.0,21.0,13.600000000000001,191,7
2026-07-11,35.06779529298435,59.78765765656073,50.33572665335483,38.1,24.3,0.0,18.4,13.8,192,7
2026-07-12,32.441650526869275,59.13448528366071,51.4311169454038,38.8,23.3,0.0,18.0,15.499999999999996,193,7
2026-07-13,31.526592621395476,58.24253196400221,58.54693848070932,38.0,22.3,0.0,17.6,15.7,194,7
2026-07-14,39.7441339368926,74.95988820197047,60.32534162282391,39.3,22.6,0.0,21.0,16.699999999999996,195,7
2026-07-15,36.12149399344054,69.76031124789809,52.06755825475179,36.7,23.3,0.0,16.6,13.400000000000002,196,7
2026-07-16,44.08251940865358,76.30325236009284,53.084010989013095,36.5,22.7,0.0,13.9,13.8,197,7
2026-07-17,36.23539710560408,62.791142256456325,49.82154250002493,37.4,22.9,0.0,18.3,14.5,198,7
2026-07-18,41.89520413611561,71.63863386826425,58.61102738106978,38.2,24.6,0.0,16.7,13.600000000000001,199,7
2026-07-19,40.27410945530128,71.79133744222136,57.54166729476711,39.8,25.9,0.0,17.3,13.899999999999999,200,7
2026-07-20,35.70503887905716,65.66814510564188,63.304869745854994,40.9,26.3,0.0,16.4,14.599999999999998,201,7
2026-07-21,42.55133409723571,79.55440492479158,51.426707691281045,39.9,25.0,0.0,18.9,14.899999999999999,202,7
2026-07-22,36.21121708419343,64.9523376806206,54.14796840392713,41.1,24.2,0.0,18.8,16.900000000000002,203,7
2026-07-23,34.74709050670125,61.58522034229772,57.78578369010229,43.1,24.8,0.0,17.3,18.3,204,7
2026-07-24,36.68942419517044,66.49623752805302,56.44595815090308,38.1,25.4,0.0,17.1,12.700000000000003,205,7
2026-07-25,43.60379895317155,75.98140941081873,55.337329449809474,42.0,24.2,0.0,21.0,17.8,206,7
2026-07-26,40.651108710567456,79.44061184410575,49.1081556381852,36.0,24.8,0.0,17.6,11.2,207,7
2026-07-27,34.566739327960704,57.3971477089751,56.84563011569429,37.2,23.4,0.0,18.3,13.800000000000004,208,7
2026-07-28,38.31371147840786,69.51890239782132,57.104541450182325,38.7,23.0,0.0,16.6,15.700000000000003,209,7
2026-07-29,39.82182474391308,77.75010319673247,50.79490359774511,39.1,24.0,0.0,15.9,15.100000000000001,210,7
2026-07-30,49.83373991780421,89.72113138572757,60.42177120442199,40.0,24.8,0.0,17.7,15.2,211,7
2026-07-31,46.31967726115778,82.80530196507952,58.90079483678642,38.7,24.9,0.0,13.7,13.800000000000004,212,7
2026-08-01,35.870208235955346,63.49403855628835,55.17718598899117,39.4,25.2,0.0,21.2,14.2,213,8
2026-08-02,41.84141727015921,74.77337604099937,55.49839144950415,40.3,25.9,0.0,19.7,14.399999999999999,214,8
2026-08-03,41.08394579513257,78.06964785526822,57.096231084463625,39.8,25.5,0.0,17.3,14.299999999999997,215,8
2026-08-04,33.82478927089649,54.24903495362516,50.89318771897496,38.9,23.6,0.0,20.0,15.299999999999997,216,8
2026-08-05,35.63825075457511,68.74915246212419,54.46012591665632,38.9,24.4,0.0,19.0,14.5,217,8
2026-08-06,40.32199370292968,68.30771720792299,44.95046582156328,37.6,23.2,0.0,15.6,14.400000000000002,218,8
2026-08-07,42.22388881745079,75.20304288370819,57.12582258201175,37.7,23.5,0.0,14.5,14.200000000000003,219,8
2026-08-08,48.578147718184894,86.15293263183682,47.13402711023256,37.3,24.1,0.0,12.6,13.199999999999996,220,8
2026-08-09,39.8497294290365,73.49517278157786,59.993679313716,38.3,24.4,0.0,16.7,13.899999999999999,221,8
2026-08-10,44.5632003860779,75.41938763928897,53.0795196241342,39.0,25.6,0.0,16.2,13.399999999999999,222,8
2026-08-11,42.256417099457096,77.44806877726862,54.87333207227529,41.2,26.7,0.0,16.2,14.500000000000004,223,8
